-- phpMyAdmin SQL Dump
-- version 5.0.4
-- https://www.phpmyadmin.net/
--
-- Hôte : 127.0.0.1
-- Généré le : jeu. 01 avr. 2021 à 09:39
-- Version du serveur :  10.4.17-MariaDB
-- Version de PHP : 8.0.0

SET SQL_MODE = "NO_AUTO_VALUE_ON_ZERO";
START TRANSACTION;
SET time_zone = "+00:00";


/*!40101 SET @OLD_CHARACTER_SET_CLIENT=@@CHARACTER_SET_CLIENT */;
/*!40101 SET @OLD_CHARACTER_SET_RESULTS=@@CHARACTER_SET_RESULTS */;
/*!40101 SET @OLD_COLLATION_CONNECTION=@@COLLATION_CONNECTION */;
/*!40101 SET NAMES utf8mb4 */;

--
-- Base de données : `gsb_frais`
--

-- --------------------------------------------------------

--
-- Structure de la table `etat`
--

CREATE TABLE `etat` (
  `id` char(2) NOT NULL,
  `libelle` varchar(30) DEFAULT NULL
) ENGINE=InnoDB DEFAULT CHARSET=utf8mb4;

--
-- Déchargement des données de la table `etat`
--

INSERT INTO `etat` (`id`, `libelle`) VALUES
('CL', 'Saisie clôturée'),
('CR', 'Fiche créée, saisie en cours'),
('MP', 'Mise en paiement'),
('RB', 'Remboursée'),
('VA', 'Validée');

-- --------------------------------------------------------

--
-- Structure de la table `etatligne`
--

CREATE TABLE `etatligne` (
  `id` char(2) NOT NULL,
  `libelle` varchar(40) DEFAULT NULL
) ENGINE=InnoDB DEFAULT CHARSET=utf8mb4;

--
-- Déchargement des données de la table `etatligne`
--

INSERT INTO `etatligne` (`id`, `libelle`) VALUES
('CR', 'ligne crée, en cours de saisie'),
('RF', 'ligne refusée'),
('VA', 'ligne validée (justificatif reçu)');

-- --------------------------------------------------------

--
-- Structure de la table `fichefrais`
--

CREATE TABLE `fichefrais` (
  `idvisiteur` char(4) NOT NULL,
  `mois` char(6) NOT NULL,
  `nbjustificatifs` int(11) DEFAULT NULL,
  `montantvalide` decimal(10,2) DEFAULT NULL,
  `datemodif` date DEFAULT NULL,
  `idetat` char(2) DEFAULT 'CR'
) ENGINE=InnoDB DEFAULT CHARSET=utf8mb4;

--
-- Déchargement des données de la table `fichefrais`
--

INSERT INTO `fichefrais` (`idvisiteur`, `mois`, `nbjustificatifs`, `montantvalide`, `datemodif`, `idetat`) VALUES
('a131', '201512', 3, NULL, '2015-12-31', 'RB'),
('a131', '201609', 10, '0.00', '2016-11-06', 'RB'),
('a131', '201610', 4, '0.00', '2016-12-06', 'RB'),
('a131', '201611', 2, '0.00', '2017-01-04', 'RB'),
('a131', '201612', 12, '0.00', '2017-02-03', 'RB'),
('a131', '201701', 9, '0.00', '2017-03-08', 'RB'),
('a131', '201702', 3, '0.00', '2017-04-05', 'RB'),
('a131', '201703', 2, '0.00', '2017-05-05', 'RB'),
('a131', '201704', 10, '0.00', '2017-06-06', 'RB'),
('a131', '201705', 1, '0.00', '2017-07-08', 'RB'),
('a131', '201706', 0, '0.00', '2017-08-08', 'RB'),
('a131', '201707', 1, '0.00', '2017-09-02', 'RB'),
('a131', '201708', 10, '0.00', '2017-10-06', 'RB'),
('a131', '201709', 9, '0.00', '2017-11-08', 'RB'),
('a131', '201710', 0, '0.00', '2017-12-02', 'RB'),
('a131', '201711', 9, '0.00', '2018-01-06', 'RB'),
('a131', '201712', 3, '0.00', '2018-02-06', 'RB'),
('a131', '201801', 2, '0.00', '2018-03-01', 'RB'),
('a131', '201802', 8, '0.00', '2018-04-08', 'RB'),
('a131', '201803', 11, '0.00', '2018-05-06', 'RB'),
('a131', '201804', 2, '0.00', '2018-06-05', 'RB'),
('a131', '201805', 0, '0.00', '2018-07-05', 'RB'),
('a131', '201806', 5, '0.00', '2018-08-06', 'RB'),
('a131', '201807', 10, '0.00', '2018-09-06', 'RB'),
('a131', '201808', 3, '0.00', '2018-10-03', 'RB'),
('a131', '201809', 10, '0.00', '2018-11-04', 'RB'),
('a131', '201810', 0, '0.00', '2018-12-07', 'RB'),
('a131', '201811', 4, '0.00', '2019-01-06', 'RB'),
('a131', '201812', 12, '0.00', '2019-02-03', 'RB'),
('a131', '201901', 4, '0.00', '2019-03-02', 'RB'),
('a131', '201902', 12, '0.00', '2019-04-08', 'RB'),
('a131', '201903', 2, '0.00', '2019-05-03', 'RB'),
('a131', '201904', 11, '0.00', '2019-06-05', 'RB'),
('a131', '201905', 3, '0.00', '2019-07-07', 'RB'),
('a131', '201906', 2, '0.00', '2019-08-01', 'RB'),
('a131', '201907', 1, '0.00', '2019-09-02', 'RB'),
('a131', '201908', 3, '0.00', '2019-10-02', 'RB'),
('a131', '201909', 4, '0.00', '2019-11-01', 'RB'),
('a131', '201910', 11, '0.00', '2019-12-01', 'RB'),
('a131', '201911', 9, '0.00', '2020-01-05', 'RB'),
('a131', '201912', 1, '0.00', '2020-02-03', 'RB'),
('a131', '202001', 2, '0.00', '2020-03-03', 'RB'),
('a131', '202002', 2, '0.00', '2020-04-04', 'RB'),
('a131', '202003', 0, '0.00', '2020-05-08', 'RB'),
('a131', '202004', 0, '0.00', '2020-06-02', 'RB'),
('a131', '202005', 7, '0.00', '2020-07-08', 'RB'),
('a131', '202006', 3, '0.00', '2020-08-05', 'RB'),
('a131', '202007', 4, '0.00', '2020-09-03', 'RB'),
('a131', '202008', 10, '0.00', '2020-10-08', 'RB'),
('a131', '202009', 10, '0.00', '2020-11-04', 'RB'),
('a131', '202010', 6, '0.00', '2020-12-01', 'RB'),
('a131', '202011', 5, '0.00', '2020-12-05', 'VA'),
('a131', '202012', 7, '0.00', '2021-01-12', 'CL'),
('a131', '202101', 0, '0.00', '2021-02-22', 'CL'),
('a131', '202102', 2, '970.00', '2021-03-23', 'RB'),
('a131', '202103', 3, '0.00', '2021-03-31', 'CR'),
('a131', '202104', 0, '0.00', '2021-04-02', 'CR'),
('a17', '201511', 3, '0.00', '2015-12-31', 'RB'),
('a17', '201609', 12, '0.00', '2016-11-05', 'RB'),
('a17', '201610', 7, '0.00', '2016-12-08', 'RB'),
('a17', '201611', 3, '0.00', '2017-01-04', 'RB'),
('a17', '201612', 4, '0.00', '2017-02-08', 'RB'),
('a17', '201701', 7, '0.00', '2017-03-02', 'RB'),
('a17', '201702', 5, '0.00', '2017-04-01', 'RB'),
('a17', '201703', 6, '0.00', '2017-05-02', 'RB'),
('a17', '201704', 12, '0.00', '2017-06-08', 'RB'),
('a17', '201705', 8, '0.00', '2017-07-06', 'RB'),
('a17', '201706', 1, '0.00', '2017-08-06', 'RB'),
('a17', '201707', 8, '0.00', '2017-09-07', 'RB'),
('a17', '201708', 6, '0.00', '2017-10-07', 'RB'),
('a17', '201709', 11, '0.00', '2017-11-01', 'RB'),
('a17', '201710', 9, '0.00', '2017-12-06', 'RB'),
('a17', '201711', 11, '0.00', '2018-01-08', 'RB'),
('a17', '201712', 1, '0.00', '2018-02-04', 'RB'),
('a17', '201801', 12, '0.00', '2018-03-05', 'RB'),
('a17', '201802', 3, '0.00', '2018-04-07', 'RB'),
('a17', '201803', 5, '0.00', '2018-05-01', 'RB'),
('a17', '201804', 8, '0.00', '2018-06-08', 'RB'),
('a17', '201805', 9, '0.00', '2018-07-04', 'RB'),
('a17', '201806', 11, '0.00', '2018-08-04', 'RB'),
('a17', '201807', 6, '0.00', '2018-09-08', 'RB'),
('a17', '201808', 1, '0.00', '2018-10-03', 'RB'),
('a17', '201809', 8, '0.00', '2018-11-01', 'RB'),
('a17', '201810', 1, '0.00', '2018-12-03', 'RB'),
('a17', '201811', 9, '0.00', '2019-01-08', 'RB'),
('a17', '201812', 11, '0.00', '2019-02-04', 'RB'),
('a17', '201901', 7, '0.00', '2019-03-08', 'RB'),
('a17', '201902', 7, '0.00', '2019-04-04', 'RB'),
('a17', '201903', 10, '0.00', '2019-05-06', 'RB'),
('a17', '201904', 4, '0.00', '2019-06-07', 'RB'),
('a17', '201905', 0, '0.00', '2019-07-05', 'RB'),
('a17', '201906', 11, '0.00', '2019-08-08', 'RB'),
('a17', '201907', 10, '0.00', '2019-09-02', 'RB'),
('a17', '201908', 2, '0.00', '2019-10-04', 'RB'),
('a17', '201909', 9, '0.00', '2019-11-04', 'RB'),
('a17', '201910', 12, '0.00', '2019-12-02', 'RB'),
('a17', '201911', 12, '0.00', '2020-01-04', 'RB'),
('a17', '201912', 6, '0.00', '2020-02-04', 'RB'),
('a17', '202001', 2, '0.00', '2020-03-02', 'RB'),
('a17', '202002', 11, '0.00', '2020-04-03', 'RB'),
('a17', '202003', 10, '0.00', '2020-05-01', 'RB'),
('a17', '202004', 6, '0.00', '2020-06-06', 'RB'),
('a17', '202005', 5, '0.00', '2020-07-04', 'RB'),
('a17', '202006', 12, '0.00', '2020-08-06', 'RB'),
('a17', '202007', 7, '0.00', '2020-09-02', 'RB'),
('a17', '202008', 8, '0.00', '2020-10-01', 'RB'),
('a17', '202009', 8, '0.00', '2020-11-04', 'RB'),
('a17', '202010', 8, '0.00', '2020-12-08', 'RB'),
('a17', '202011', 2, '0.00', '2021-01-22', 'MP'),
('a17', '202012', 5, '1196.00', '2021-01-25', 'MP'),
('a17', '202101', 9, '2321.20', '2021-03-02', 'RB'),
('a17', '202102', 2, '583.00', '2021-03-23', 'RB'),
('a17', '202103', 0, '0.00', '2021-03-31', 'CR'),
('a17', '202104', 0, '0.00', '2021-04-02', 'CR'),
('a55', '201609', 2, '0.00', '2016-11-02', 'RB'),
('a55', '201610', 3, '0.00', '2016-12-02', 'RB'),
('a55', '201611', 9, '0.00', '2017-01-01', 'RB'),
('a55', '201612', 0, '0.00', '2017-02-01', 'RB'),
('a55', '201701', 3, '0.00', '2017-03-01', 'RB'),
('a55', '201702', 7, '0.00', '2017-04-06', 'RB'),
('a55', '201703', 0, '0.00', '2017-05-01', 'RB'),
('a55', '201704', 1, '0.00', '2017-06-01', 'RB'),
('a55', '201705', 6, '0.00', '2017-07-06', 'RB'),
('a55', '201706', 8, '0.00', '2017-08-07', 'RB'),
('a55', '201707', 8, '0.00', '2017-09-01', 'RB'),
('a55', '201708', 5, '0.00', '2017-10-05', 'RB'),
('a55', '201709', 5, '0.00', '2017-11-04', 'RB'),
('a55', '201710', 10, '0.00', '2017-12-03', 'RB'),
('a55', '201711', 0, '0.00', '2018-01-03', 'RB'),
('a55', '201712', 5, '0.00', '2018-02-07', 'RB'),
('a55', '201801', 12, '0.00', '2018-03-01', 'RB'),
('a55', '201802', 9, '0.00', '2018-04-04', 'RB'),
('a55', '201803', 2, '0.00', '2018-05-03', 'RB'),
('a55', '201804', 0, '0.00', '2018-06-07', 'RB'),
('a55', '201805', 5, '0.00', '2018-07-02', 'RB'),
('a55', '201806', 3, '0.00', '2018-08-07', 'RB'),
('a55', '201807', 6, '0.00', '2018-09-03', 'RB'),
('a55', '201808', 5, '0.00', '2018-10-04', 'RB'),
('a55', '201809', 8, '0.00', '2018-11-05', 'RB'),
('a55', '201810', 6, '0.00', '2018-12-02', 'RB'),
('a55', '201811', 8, '0.00', '2019-01-01', 'RB'),
('a55', '201812', 1, '0.00', '2019-02-05', 'RB'),
('a55', '201901', 4, '0.00', '2019-03-06', 'RB'),
('a55', '201902', 12, '0.00', '2019-04-06', 'RB'),
('a55', '201903', 2, '0.00', '2019-05-05', 'RB'),
('a55', '201904', 9, '0.00', '2019-06-03', 'RB'),
('a55', '201905', 11, '0.00', '2019-07-06', 'RB'),
('a55', '201906', 10, '0.00', '2019-08-06', 'RB'),
('a55', '201907', 8, '0.00', '2019-09-06', 'RB'),
('a55', '201908', 8, '0.00', '2019-10-03', 'RB'),
('a55', '201909', 8, '0.00', '2019-11-01', 'RB'),
('a55', '201910', 8, '0.00', '2019-12-02', 'RB'),
('a55', '201911', 3, '0.00', '2020-01-06', 'RB'),
('a55', '201912', 3, '0.00', '2020-02-04', 'RB'),
('a55', '202001', 8, '0.00', '2020-03-05', 'RB'),
('a55', '202002', 12, '0.00', '2020-04-01', 'RB'),
('a55', '202003', 0, '0.00', '2020-05-03', 'RB'),
('a55', '202004', 0, '0.00', '2020-06-07', 'RB'),
('a55', '202005', 11, '0.00', '2020-07-01', 'RB'),
('a55', '202006', 0, '0.00', '2020-08-05', 'RB'),
('a55', '202007', 12, '0.00', '2020-09-08', 'RB'),
('a55', '202008', 9, '0.00', '2020-10-07', 'RB'),
('a55', '202009', 7, '0.00', '2020-11-04', 'RB'),
('a55', '202010', 8, '0.00', '2020-12-02', 'RB'),
('a55', '202011', 8, '0.00', '2020-12-02', 'VA'),
('a55', '202012', 4, '190.62', '2021-03-01', 'VA'),
('a55', '202103', 1, '0.00', '2021-03-31', 'CR'),
('a55', '202104', 0, '0.00', '2021-04-02', 'CR'),
('a93', '201609', 10, '0.00', '2016-11-07', 'RB'),
('a93', '201610', 7, '0.00', '2016-12-02', 'RB'),
('a93', '201611', 3, '0.00', '2017-01-05', 'RB'),
('a93', '201612', 10, '0.00', '2017-02-03', 'RB'),
('a93', '201701', 8, '0.00', '2017-03-03', 'RB'),
('a93', '201702', 4, '0.00', '2017-04-03', 'RB'),
('a93', '201703', 4, '0.00', '2017-05-01', 'RB'),
('a93', '201704', 8, '0.00', '2017-06-03', 'RB'),
('a93', '201705', 12, '0.00', '2017-07-07', 'RB'),
('a93', '201706', 10, '0.00', '2017-08-02', 'RB'),
('a93', '201707', 4, '0.00', '2017-09-07', 'RB'),
('a93', '201708', 4, '0.00', '2017-10-07', 'RB'),
('a93', '201709', 7, '0.00', '2017-11-06', 'RB'),
('a93', '201710', 9, '0.00', '2017-12-01', 'RB'),
('a93', '201711', 8, '0.00', '2018-01-01', 'RB'),
('a93', '201712', 4, '0.00', '2018-02-04', 'RB'),
('a93', '201801', 2, '0.00', '2018-03-01', 'RB'),
('a93', '201802', 1, '0.00', '2018-04-02', 'RB'),
('a93', '201803', 11, '0.00', '2018-05-07', 'RB'),
('a93', '201804', 3, '0.00', '2018-06-05', 'RB'),
('a93', '201805', 12, '0.00', '2018-07-08', 'RB'),
('a93', '201806', 12, '0.00', '2018-08-06', 'RB'),
('a93', '201807', 7, '0.00', '2018-09-08', 'RB'),
('a93', '201808', 0, '0.00', '2018-10-04', 'RB'),
('a93', '201809', 6, '0.00', '2018-11-08', 'RB'),
('a93', '201810', 9, '0.00', '2018-12-02', 'RB'),
('a93', '201811', 9, '0.00', '2019-01-02', 'RB'),
('a93', '201812', 4, '0.00', '2019-02-08', 'RB'),
('a93', '201901', 6, '0.00', '2019-03-02', 'RB'),
('a93', '201902', 4, '0.00', '2019-04-08', 'RB'),
('a93', '201903', 8, '0.00', '2019-05-04', 'RB'),
('a93', '201904', 8, '0.00', '2019-06-04', 'RB'),
('a93', '201905', 1, '0.00', '2019-07-04', 'RB'),
('a93', '201906', 1, '0.00', '2019-08-01', 'RB'),
('a93', '201907', 11, '0.00', '2019-09-07', 'RB'),
('a93', '201908', 5, '0.00', '2019-10-03', 'RB'),
('a93', '201909', 0, '0.00', '2019-11-05', 'RB'),
('a93', '201910', 10, '0.00', '2019-12-07', 'RB'),
('a93', '201911', 0, '0.00', '2020-01-01', 'RB'),
('a93', '201912', 7, '0.00', '2020-02-02', 'RB'),
('a93', '202001', 5, '0.00', '2020-03-02', 'RB'),
('a93', '202002', 0, '0.00', '2020-04-02', 'RB'),
('a93', '202003', 8, '0.00', '2020-05-02', 'RB'),
('a93', '202004', 8, '0.00', '2020-06-08', 'RB'),
('a93', '202005', 4, '0.00', '2020-07-08', 'RB'),
('a93', '202006', 6, '0.00', '2020-08-02', 'RB'),
('a93', '202007', 1, '0.00', '2020-09-01', 'RB'),
('a93', '202008', 6, '0.00', '2020-10-06', 'RB'),
('a93', '202009', 0, '0.00', '2020-11-08', 'RB'),
('a93', '202010', 7, '0.00', '2020-12-04', 'RB'),
('a93', '202011', 11, '0.00', '2020-12-06', 'VA'),
('a93', '202012', 1, '0.00', '2021-01-12', 'CL'),
('a93', '202103', 1, '0.00', '2021-03-31', 'CR'),
('a93', '202104', 0, '0.00', '2021-04-02', 'CR'),
('b13', '201609', 2, '0.00', '2016-11-07', 'RB'),
('b13', '201610', 11, '0.00', '2016-12-08', 'RB'),
('b13', '201611', 6, '0.00', '2017-01-04', 'RB'),
('b13', '201612', 6, '0.00', '2017-02-01', 'RB'),
('b13', '201701', 1, '0.00', '2017-03-08', 'RB'),
('b13', '201702', 1, '0.00', '2017-04-08', 'RB'),
('b13', '201703', 9, '0.00', '2017-05-08', 'RB'),
('b13', '201704', 5, '0.00', '2017-06-05', 'RB'),
('b13', '201705', 9, '0.00', '2017-07-05', 'RB'),
('b13', '201706', 10, '0.00', '2017-08-05', 'RB'),
('b13', '201707', 3, '0.00', '2017-09-07', 'RB'),
('b13', '201708', 2, '0.00', '2017-10-08', 'RB'),
('b13', '201709', 7, '0.00', '2017-11-02', 'RB'),
('b13', '201710', 1, '0.00', '2017-12-03', 'RB'),
('b13', '201711', 0, '0.00', '2018-01-06', 'RB'),
('b13', '201712', 1, '0.00', '2018-02-05', 'RB'),
('b13', '201801', 12, '0.00', '2018-03-01', 'RB'),
('b13', '201802', 4, '0.00', '2018-04-04', 'RB'),
('b13', '201803', 4, '0.00', '2018-05-02', 'RB'),
('b13', '201804', 12, '0.00', '2018-06-07', 'RB'),
('b13', '201805', 9, '0.00', '2018-07-01', 'RB'),
('b13', '201806', 2, '0.00', '2018-08-05', 'RB'),
('b13', '201807', 1, '0.00', '2018-09-05', 'RB'),
('b13', '201808', 5, '0.00', '2018-10-04', 'RB'),
('b13', '201809', 2, '0.00', '2018-11-07', 'RB'),
('b13', '201810', 10, '0.00', '2018-12-07', 'RB'),
('b13', '201811', 9, '0.00', '2019-01-04', 'RB'),
('b13', '201812', 1, '0.00', '2019-02-05', 'RB'),
('b13', '201901', 12, '0.00', '2019-03-06', 'RB'),
('b13', '201902', 4, '0.00', '2019-04-07', 'RB'),
('b13', '201903', 12, '0.00', '2019-05-08', 'RB'),
('b13', '201904', 11, '0.00', '2019-06-02', 'RB'),
('b13', '201905', 5, '0.00', '2019-07-04', 'RB'),
('b13', '201906', 9, '0.00', '2019-08-02', 'RB'),
('b13', '201907', 7, '0.00', '2019-09-07', 'RB'),
('b13', '201908', 9, '0.00', '2019-10-01', 'RB'),
('b13', '201909', 4, '0.00', '2019-11-03', 'RB'),
('b13', '201910', 3, '0.00', '2019-12-07', 'RB'),
('b13', '201911', 3, '0.00', '2020-01-01', 'RB'),
('b13', '201912', 1, '0.00', '2020-02-08', 'RB'),
('b13', '202001', 9, '0.00', '2020-03-02', 'RB'),
('b13', '202002', 5, '0.00', '2020-04-02', 'RB'),
('b13', '202003', 6, '0.00', '2020-05-02', 'RB'),
('b13', '202004', 7, '0.00', '2020-06-01', 'RB'),
('b13', '202005', 0, '0.00', '2020-07-03', 'RB'),
('b13', '202006', 1, '0.00', '2020-08-01', 'RB'),
('b13', '202007', 11, '0.00', '2020-09-02', 'RB'),
('b13', '202008', 7, '0.00', '2020-10-01', 'RB'),
('b13', '202009', 4, '0.00', '2020-11-03', 'RB'),
('b13', '202010', 2, '0.00', '2020-12-05', 'RB'),
('b13', '202011', 7, '0.00', '2020-12-08', 'VA'),
('b13', '202012', 10, '0.00', '2021-01-25', 'CL'),
('b13', '202103', 1, '0.00', '2021-03-31', 'CR'),
('b13', '202104', 0, '0.00', '2021-04-02', 'CR'),
('b16', '201609', 7, '0.00', '2016-11-04', 'RB'),
('b16', '201610', 1, '0.00', '2016-12-03', 'RB'),
('b16', '201611', 2, '0.00', '2017-01-04', 'RB'),
('b16', '201612', 1, '0.00', '2017-02-06', 'RB'),
('b16', '201701', 9, '0.00', '2017-03-02', 'RB'),
('b16', '201702', 12, '0.00', '2017-04-01', 'RB'),
('b16', '201703', 8, '0.00', '2017-05-02', 'RB'),
('b16', '201704', 8, '0.00', '2017-06-08', 'RB'),
('b16', '201705', 10, '0.00', '2017-07-07', 'RB'),
('b16', '201706', 4, '0.00', '2017-08-01', 'RB'),
('b16', '201707', 0, '0.00', '2017-09-08', 'RB'),
('b16', '201708', 2, '0.00', '2017-10-01', 'RB'),
('b16', '201709', 8, '0.00', '2017-11-01', 'RB'),
('b16', '201710', 12, '0.00', '2017-12-04', 'RB'),
('b16', '201711', 10, '0.00', '2018-01-02', 'RB'),
('b16', '201712', 12, '0.00', '2018-02-07', 'RB'),
('b16', '201801', 5, '0.00', '2018-03-02', 'RB'),
('b16', '201802', 4, '0.00', '2018-04-05', 'RB'),
('b16', '201803', 1, '0.00', '2018-05-07', 'RB'),
('b16', '201804', 1, '0.00', '2018-06-03', 'RB'),
('b16', '201805', 9, '0.00', '2018-07-07', 'RB'),
('b16', '201806', 12, '0.00', '2018-08-06', 'RB'),
('b16', '201807', 6, '0.00', '2018-09-04', 'RB'),
('b16', '201808', 7, '0.00', '2018-10-07', 'RB'),
('b16', '201809', 2, '0.00', '2018-11-03', 'RB'),
('b16', '201810', 2, '0.00', '2018-12-04', 'RB'),
('b16', '201811', 10, '0.00', '2019-01-04', 'RB'),
('b16', '201812', 12, '0.00', '2019-02-01', 'RB'),
('b16', '201901', 2, '0.00', '2019-03-04', 'RB'),
('b16', '201902', 5, '0.00', '2019-04-05', 'RB'),
('b16', '201903', 12, '0.00', '2019-05-04', 'RB'),
('b16', '201904', 10, '0.00', '2019-06-06', 'RB'),
('b16', '201905', 12, '0.00', '2019-07-03', 'RB'),
('b16', '201906', 6, '0.00', '2019-08-07', 'RB'),
('b16', '201907', 7, '0.00', '2019-09-02', 'RB'),
('b16', '201908', 11, '0.00', '2019-10-01', 'RB'),
('b16', '201909', 7, '0.00', '2019-11-03', 'RB'),
('b16', '201910', 8, '0.00', '2019-12-02', 'RB'),
('b16', '201911', 0, '0.00', '2020-01-03', 'RB'),
('b16', '201912', 0, '0.00', '2020-02-02', 'RB'),
('b16', '202001', 8, '0.00', '2020-03-01', 'RB'),
('b16', '202002', 0, '0.00', '2020-04-08', 'RB'),
('b16', '202003', 3, '0.00', '2020-05-08', 'RB'),
('b16', '202004', 10, '0.00', '2020-06-08', 'RB'),
('b16', '202005', 9, '0.00', '2020-07-06', 'RB'),
('b16', '202006', 8, '0.00', '2020-08-03', 'RB'),
('b16', '202007', 6, '0.00', '2020-09-03', 'RB'),
('b16', '202008', 6, '0.00', '2020-10-03', 'RB'),
('b16', '202009', 8, '0.00', '2020-11-07', 'RB'),
('b16', '202010', 0, '0.00', '2020-12-04', 'RB'),
('b16', '202011', 12, '0.00', '2020-12-06', 'VA'),
('b16', '202012', 1, '0.00', '2021-01-22', 'CL'),
('b16', '202103', 1, '0.00', '2021-03-31', 'CR'),
('b16', '202104', 0, '0.00', '2021-04-02', 'CR'),
('b19', '201609', 1, '0.00', '2016-11-02', 'RB'),
('b19', '201610', 0, '0.00', '2016-12-06', 'RB'),
('b19', '201611', 9, '0.00', '2017-01-05', 'RB'),
('b19', '201612', 6, '0.00', '2017-02-08', 'RB'),
('b19', '201701', 6, '0.00', '2017-03-07', 'RB'),
('b19', '201702', 3, '0.00', '2017-04-03', 'RB'),
('b19', '201703', 9, '0.00', '2017-05-05', 'RB'),
('b19', '201704', 7, '0.00', '2017-06-07', 'RB'),
('b19', '201705', 2, '0.00', '2017-07-04', 'RB'),
('b19', '201706', 8, '0.00', '2017-08-08', 'RB'),
('b19', '201707', 5, '0.00', '2017-09-07', 'RB'),
('b19', '201708', 0, '0.00', '2017-10-04', 'RB'),
('b19', '201709', 0, '0.00', '2017-11-08', 'RB'),
('b19', '201710', 2, '0.00', '2017-12-07', 'RB'),
('b19', '201711', 12, '0.00', '2018-01-06', 'RB'),
('b19', '201712', 3, '0.00', '2018-02-02', 'RB'),
('b19', '201801', 6, '0.00', '2018-03-08', 'RB'),
('b19', '201802', 3, '0.00', '2018-04-01', 'RB'),
('b19', '201803', 5, '0.00', '2018-05-05', 'RB'),
('b19', '201804', 0, '0.00', '2018-06-05', 'RB'),
('b19', '201805', 4, '0.00', '2018-07-07', 'RB'),
('b19', '201806', 8, '0.00', '2018-08-05', 'RB'),
('b19', '201807', 11, '0.00', '2018-09-04', 'RB'),
('b19', '201808', 9, '0.00', '2018-10-07', 'RB'),
('b19', '201809', 10, '0.00', '2018-11-04', 'RB'),
('b19', '201810', 9, '0.00', '2018-12-03', 'RB'),
('b19', '201811', 12, '0.00', '2019-01-08', 'RB'),
('b19', '201812', 10, '0.00', '2019-02-07', 'RB'),
('b19', '201901', 2, '0.00', '2019-03-03', 'RB'),
('b19', '201902', 5, '0.00', '2019-04-08', 'RB'),
('b19', '201903', 1, '0.00', '2019-05-08', 'RB'),
('b19', '201904', 9, '0.00', '2019-06-08', 'RB'),
('b19', '201905', 7, '0.00', '2019-07-01', 'RB'),
('b19', '201906', 3, '0.00', '2019-08-06', 'RB'),
('b19', '201907', 9, '0.00', '2019-09-03', 'RB'),
('b19', '201908', 4, '0.00', '2019-10-06', 'RB'),
('b19', '201909', 12, '0.00', '2019-11-01', 'RB'),
('b19', '201910', 6, '0.00', '2019-12-06', 'RB'),
('b19', '201911', 5, '0.00', '2020-01-02', 'RB'),
('b19', '201912', 7, '0.00', '2020-02-01', 'RB'),
('b19', '202001', 1, '0.00', '2020-03-05', 'RB'),
('b19', '202002', 9, '0.00', '2020-04-06', 'RB'),
('b19', '202003', 4, '0.00', '2020-05-01', 'RB'),
('b19', '202004', 12, '0.00', '2020-06-08', 'RB'),
('b19', '202005', 5, '0.00', '2020-07-01', 'RB'),
('b19', '202006', 7, '0.00', '2020-08-05', 'RB'),
('b19', '202007', 2, '0.00', '2020-09-08', 'RB'),
('b19', '202008', 6, '0.00', '2020-10-06', 'RB'),
('b19', '202009', 2, '0.00', '2020-11-08', 'RB'),
('b19', '202010', 8, '0.00', '2020-12-04', 'RB'),
('b19', '202011', 4, '0.00', '2020-12-01', 'VA'),
('b19', '202012', 0, '0.00', '2021-01-25', 'CL'),
('b19', '202103', 1, '0.00', '2021-03-31', 'CR'),
('b19', '202104', 0, '0.00', '2021-04-02', 'CR'),
('b25', '201609', 3, '0.00', '2016-11-07', 'RB'),
('b25', '201610', 6, '0.00', '2016-12-03', 'RB'),
('b25', '201611', 12, '0.00', '2017-01-08', 'RB'),
('b25', '201612', 1, '0.00', '2017-02-04', 'RB'),
('b25', '201701', 12, '0.00', '2017-03-07', 'RB'),
('b25', '201702', 9, '0.00', '2017-04-08', 'RB'),
('b25', '201703', 7, '0.00', '2017-05-03', 'RB'),
('b25', '201704', 5, '0.00', '2017-06-06', 'RB'),
('b25', '201705', 5, '0.00', '2017-07-02', 'RB'),
('b25', '201706', 8, '0.00', '2017-08-04', 'RB'),
('b25', '201707', 12, '0.00', '2017-09-02', 'RB'),
('b25', '201708', 12, '0.00', '2017-10-04', 'RB'),
('b25', '201709', 5, '0.00', '2017-11-05', 'RB'),
('b25', '201710', 4, '0.00', '2017-12-05', 'RB'),
('b25', '201711', 4, '0.00', '2018-01-02', 'RB'),
('b25', '201712', 11, '0.00', '2018-02-07', 'RB'),
('b25', '201801', 10, '0.00', '2018-03-08', 'RB'),
('b25', '201802', 2, '0.00', '2018-04-08', 'RB'),
('b25', '201803', 4, '0.00', '2018-05-05', 'RB'),
('b25', '201804', 8, '0.00', '2018-06-08', 'RB'),
('b25', '201805', 6, '0.00', '2018-07-04', 'RB'),
('b25', '201806', 0, '0.00', '2018-08-03', 'RB'),
('b25', '201807', 0, '0.00', '2018-09-04', 'RB'),
('b25', '201808', 0, '0.00', '2018-10-02', 'RB'),
('b25', '201809', 0, '0.00', '2018-11-06', 'RB'),
('b25', '201810', 2, '0.00', '2018-12-02', 'RB'),
('b25', '201811', 12, '0.00', '2019-01-01', 'RB'),
('b25', '201812', 0, '0.00', '2019-02-03', 'RB'),
('b25', '201901', 7, '0.00', '2019-03-08', 'RB'),
('b25', '201902', 0, '0.00', '2019-04-03', 'RB'),
('b25', '201903', 12, '0.00', '2019-05-08', 'RB'),
('b25', '201904', 9, '0.00', '2019-06-08', 'RB'),
('b25', '201905', 6, '0.00', '2019-07-04', 'RB'),
('b25', '201906', 11, '0.00', '2019-08-06', 'RB'),
('b25', '201907', 2, '0.00', '2019-09-08', 'RB'),
('b25', '201908', 4, '0.00', '2019-10-04', 'RB'),
('b25', '201909', 8, '0.00', '2019-11-06', 'RB'),
('b25', '201910', 2, '0.00', '2019-12-03', 'RB'),
('b25', '201911', 2, '0.00', '2020-01-07', 'RB'),
('b25', '201912', 4, '0.00', '2020-02-05', 'RB'),
('b25', '202001', 7, '0.00', '2020-03-06', 'RB'),
('b25', '202002', 12, '0.00', '2020-04-06', 'RB'),
('b25', '202003', 5, '0.00', '2020-05-07', 'RB'),
('b25', '202004', 0, '0.00', '2020-06-02', 'RB'),
('b25', '202005', 4, '0.00', '2020-07-06', 'RB'),
('b25', '202006', 11, '0.00', '2020-08-01', 'RB'),
('b25', '202007', 2, '0.00', '2020-09-07', 'RB'),
('b25', '202008', 2, '0.00', '2020-10-06', 'RB'),
('b25', '202009', 2, '0.00', '2020-11-08', 'RB'),
('b25', '202010', 5, '0.00', '2020-12-06', 'RB'),
('b25', '202011', 1, '0.00', '2020-12-02', 'VA'),
('b25', '202012', 7, '0.00', '2021-01-12', 'CL'),
('b25', '202103', 1, '0.00', '2021-03-31', 'CR'),
('b25', '202104', 0, '0.00', '2021-04-02', 'CR'),
('b28', '201609', 3, '0.00', '2016-11-02', 'RB'),
('b28', '201610', 8, '0.00', '2016-12-05', 'RB'),
('b28', '201611', 5, '0.00', '2017-01-08', 'RB'),
('b28', '201612', 9, '0.00', '2017-02-06', 'RB'),
('b28', '201701', 1, '0.00', '2017-03-01', 'RB'),
('b28', '201702', 4, '0.00', '2017-04-02', 'RB'),
('b28', '201703', 9, '0.00', '2017-05-08', 'RB'),
('b28', '201704', 1, '0.00', '2017-06-02', 'RB'),
('b28', '201705', 2, '0.00', '2017-07-07', 'RB'),
('b28', '201706', 5, '0.00', '2017-08-05', 'RB'),
('b28', '201707', 11, '0.00', '2017-09-08', 'RB'),
('b28', '201708', 11, '0.00', '2017-10-03', 'RB'),
('b28', '201709', 12, '0.00', '2017-11-06', 'RB'),
('b28', '201710', 1, '0.00', '2017-12-07', 'RB'),
('b28', '201711', 4, '0.00', '2018-01-06', 'RB'),
('b28', '201712', 7, '0.00', '2018-02-05', 'RB'),
('b28', '201801', 0, '0.00', '2018-03-08', 'RB'),
('b28', '201802', 12, '0.00', '2018-04-01', 'RB'),
('b28', '201803', 5, '0.00', '2018-05-06', 'RB'),
('b28', '201804', 6, '0.00', '2018-06-06', 'RB'),
('b28', '201805', 3, '0.00', '2018-07-02', 'RB'),
('b28', '201806', 1, '0.00', '2018-08-04', 'RB'),
('b28', '201807', 3, '0.00', '2018-09-06', 'RB'),
('b28', '201808', 5, '0.00', '2018-10-04', 'RB'),
('b28', '201809', 0, '0.00', '2018-11-02', 'RB'),
('b28', '201810', 2, '0.00', '2018-12-02', 'RB'),
('b28', '201811', 6, '0.00', '2019-01-01', 'RB'),
('b28', '201812', 8, '0.00', '2019-02-05', 'RB'),
('b28', '201901', 8, '0.00', '2019-03-04', 'RB'),
('b28', '201902', 9, '0.00', '2019-04-01', 'RB'),
('b28', '201903', 12, '0.00', '2019-05-08', 'RB'),
('b28', '201904', 0, '0.00', '2019-06-07', 'RB'),
('b28', '201905', 12, '0.00', '2019-07-07', 'RB'),
('b28', '201906', 8, '0.00', '2019-08-01', 'RB'),
('b28', '201907', 5, '0.00', '2019-09-03', 'RB'),
('b28', '201908', 1, '0.00', '2019-10-01', 'RB'),
('b28', '201909', 9, '0.00', '2019-11-08', 'RB'),
('b28', '201910', 9, '0.00', '2019-12-07', 'RB'),
('b28', '201911', 6, '0.00', '2020-01-07', 'RB'),
('b28', '201912', 6, '0.00', '2020-02-05', 'RB'),
('b28', '202001', 1, '0.00', '2020-03-01', 'RB'),
('b28', '202002', 6, '0.00', '2020-04-03', 'RB'),
('b28', '202003', 7, '0.00', '2020-05-01', 'RB'),
('b28', '202004', 3, '0.00', '2020-06-01', 'RB'),
('b28', '202005', 3, '0.00', '2020-07-08', 'RB'),
('b28', '202006', 4, '0.00', '2020-08-03', 'RB'),
('b28', '202007', 8, '0.00', '2020-09-03', 'RB'),
('b28', '202008', 5, '0.00', '2020-10-05', 'RB'),
('b28', '202009', 5, '0.00', '2020-11-07', 'RB'),
('b28', '202010', 7, '0.00', '2020-12-05', 'RB'),
('b28', '202011', 8, '0.00', '2020-12-01', 'VA'),
('b28', '202012', 8, '0.00', '2021-01-25', 'CL'),
('b28', '202103', 1, '0.00', '2021-03-31', 'CR'),
('b28', '202104', 0, '0.00', '2021-04-02', 'CR'),
('b34', '201609', 7, '0.00', '2016-11-08', 'RB'),
('b34', '201610', 5, '0.00', '2016-12-04', 'RB'),
('b34', '201611', 6, '0.00', '2017-01-07', 'RB'),
('b34', '201612', 5, '0.00', '2017-02-06', 'RB'),
('b34', '201701', 5, '0.00', '2017-03-03', 'RB'),
('b34', '201702', 0, '0.00', '2017-04-06', 'RB'),
('b34', '201703', 2, '0.00', '2017-05-04', 'RB'),
('b34', '201704', 7, '0.00', '2017-06-05', 'RB'),
('b34', '201705', 1, '0.00', '2017-07-07', 'RB'),
('b34', '201706', 11, '0.00', '2017-08-08', 'RB'),
('b34', '201707', 2, '0.00', '2017-09-04', 'RB'),
('b34', '201708', 4, '0.00', '2017-10-04', 'RB'),
('b34', '201709', 3, '0.00', '2017-11-03', 'RB'),
('b34', '201710', 10, '0.00', '2017-12-03', 'RB'),
('b34', '201711', 7, '0.00', '2018-01-08', 'RB'),
('b34', '201712', 7, '0.00', '2018-02-03', 'RB'),
('b34', '201801', 7, '0.00', '2018-03-01', 'RB'),
('b34', '201802', 8, '0.00', '2018-04-06', 'RB'),
('b34', '201803', 9, '0.00', '2018-05-01', 'RB'),
('b34', '201804', 7, '0.00', '2018-06-05', 'RB'),
('b34', '201805', 1, '0.00', '2018-07-03', 'RB'),
('b34', '201806', 12, '0.00', '2018-08-03', 'RB'),
('b34', '201807', 4, '0.00', '2018-09-08', 'RB'),
('b34', '201808', 1, '0.00', '2018-10-05', 'RB'),
('b34', '201809', 8, '0.00', '2018-11-02', 'RB'),
('b34', '201810', 2, '0.00', '2018-12-04', 'RB'),
('b34', '201811', 6, '0.00', '2019-01-03', 'RB'),
('b34', '201812', 12, '0.00', '2019-02-06', 'RB'),
('b34', '201901', 3, '0.00', '2019-03-01', 'RB'),
('b34', '201902', 10, '0.00', '2019-04-04', 'RB'),
('b34', '201903', 0, '0.00', '2019-05-07', 'RB'),
('b34', '201904', 5, '0.00', '2019-06-05', 'RB'),
('b34', '201905', 3, '0.00', '2019-07-01', 'RB'),
('b34', '201906', 6, '0.00', '2019-08-06', 'RB'),
('b34', '201907', 5, '0.00', '2019-09-02', 'RB'),
('b34', '201908', 11, '0.00', '2019-10-02', 'RB'),
('b34', '201909', 12, '0.00', '2019-11-01', 'RB'),
('b34', '201910', 1, '0.00', '2019-12-05', 'RB'),
('b34', '201911', 0, '0.00', '2020-01-08', 'RB'),
('b34', '201912', 6, '0.00', '2020-02-06', 'RB'),
('b34', '202001', 0, '0.00', '2020-03-07', 'RB'),
('b34', '202002', 2, '0.00', '2020-04-07', 'RB'),
('b34', '202003', 2, '0.00', '2020-05-06', 'RB'),
('b34', '202004', 7, '0.00', '2020-06-07', 'RB'),
('b34', '202005', 10, '0.00', '2020-07-07', 'RB'),
('b34', '202006', 12, '0.00', '2020-08-08', 'RB'),
('b34', '202007', 2, '0.00', '2020-09-01', 'RB'),
('b34', '202008', 6, '0.00', '2020-10-05', 'RB'),
('b34', '202009', 8, '0.00', '2020-11-03', 'RB'),
('b34', '202010', 10, '0.00', '2020-12-04', 'RB'),
('b34', '202011', 12, '0.00', '2020-12-08', 'VA'),
('b34', '202012', 0, '0.00', '2021-01-25', 'CL'),
('b34', '202103', 1, '0.00', '2021-03-31', 'CR'),
('b34', '202104', 0, '0.00', '2021-04-02', 'CR'),
('b4', '201609', 6, '0.00', '2016-11-07', 'RB'),
('b4', '201610', 7, '0.00', '2016-12-06', 'RB'),
('b4', '201611', 9, '0.00', '2017-01-04', 'RB'),
('b4', '201612', 0, '0.00', '2017-02-04', 'RB'),
('b4', '201701', 1, '0.00', '2017-03-01', 'RB'),
('b4', '201702', 8, '0.00', '2017-04-07', 'RB'),
('b4', '201703', 8, '0.00', '2017-05-02', 'RB'),
('b4', '201704', 10, '0.00', '2017-06-08', 'RB'),
('b4', '201705', 3, '0.00', '2017-07-01', 'RB'),
('b4', '201706', 1, '0.00', '2017-08-01', 'RB'),
('b4', '201707', 2, '0.00', '2017-09-05', 'RB'),
('b4', '201708', 9, '0.00', '2017-10-03', 'RB'),
('b4', '201709', 2, '0.00', '2017-11-08', 'RB'),
('b4', '201710', 6, '0.00', '2017-12-07', 'RB'),
('b4', '201711', 10, '0.00', '2018-01-04', 'RB'),
('b4', '201712', 12, '0.00', '2018-02-03', 'RB'),
('b4', '201801', 11, '0.00', '2018-03-05', 'RB'),
('b4', '201802', 12, '0.00', '2018-04-08', 'RB'),
('b4', '201803', 11, '0.00', '2018-05-05', 'RB'),
('b4', '201804', 7, '0.00', '2018-06-07', 'RB'),
('b4', '201805', 7, '0.00', '2018-07-05', 'RB'),
('b4', '201806', 2, '0.00', '2018-08-03', 'RB'),
('b4', '201807', 12, '0.00', '2018-09-06', 'RB'),
('b4', '201808', 6, '0.00', '2018-10-01', 'RB'),
('b4', '201809', 4, '0.00', '2018-11-05', 'RB'),
('b4', '201810', 2, '0.00', '2018-12-05', 'RB'),
('b4', '201811', 11, '0.00', '2019-01-03', 'RB'),
('b4', '201812', 8, '0.00', '2019-02-05', 'RB'),
('b4', '201901', 8, '0.00', '2019-03-01', 'RB'),
('b4', '201902', 8, '0.00', '2019-04-08', 'RB'),
('b4', '201903', 5, '0.00', '2019-05-03', 'RB'),
('b4', '201904', 11, '0.00', '2019-06-07', 'RB'),
('b4', '201905', 7, '0.00', '2019-07-05', 'RB'),
('b4', '201906', 12, '0.00', '2019-08-03', 'RB'),
('b4', '201907', 3, '0.00', '2019-09-03', 'RB'),
('b4', '201908', 0, '0.00', '2019-10-05', 'RB'),
('b4', '201909', 1, '0.00', '2019-11-02', 'RB'),
('b4', '201910', 5, '0.00', '2019-12-06', 'RB'),
('b4', '201911', 4, '0.00', '2020-01-02', 'RB'),
('b4', '201912', 9, '0.00', '2020-02-08', 'RB'),
('b4', '202001', 1, '0.00', '2020-03-03', 'RB'),
('b4', '202002', 5, '0.00', '2020-04-06', 'RB'),
('b4', '202003', 5, '0.00', '2020-05-03', 'RB'),
('b4', '202004', 12, '0.00', '2020-06-06', 'RB'),
('b4', '202005', 8, '0.00', '2020-07-01', 'RB'),
('b4', '202006', 12, '0.00', '2020-08-02', 'RB'),
('b4', '202007', 0, '0.00', '2020-09-01', 'RB'),
('b4', '202008', 1, '0.00', '2020-10-06', 'RB'),
('b4', '202009', 5, '0.00', '2020-11-06', 'RB'),
('b4', '202010', 0, '0.00', '2020-12-06', 'RB'),
('b4', '202011', 9, '0.00', '2020-12-07', 'VA'),
('b4', '202012', 9, '0.00', '2021-01-12', 'CL'),
('b4', '202103', 1, '0.00', '2021-03-31', 'CR'),
('b4', '202104', 0, '0.00', '2021-04-02', 'CR'),
('b50', '201609', 7, '0.00', '2016-11-08', 'RB'),
('b50', '201610', 4, '0.00', '2016-12-06', 'RB'),
('b50', '201611', 5, '0.00', '2017-01-02', 'RB'),
('b50', '201612', 7, '0.00', '2017-02-08', 'RB'),
('b50', '201701', 2, '0.00', '2017-03-02', 'RB'),
('b50', '201702', 12, '0.00', '2017-04-03', 'RB'),
('b50', '201703', 11, '0.00', '2017-05-04', 'RB'),
('b50', '201704', 11, '0.00', '2017-06-08', 'RB'),
('b50', '201705', 0, '0.00', '2017-07-04', 'RB'),
('b50', '201706', 10, '0.00', '2017-08-03', 'RB'),
('b50', '201707', 3, '0.00', '2017-09-06', 'RB'),
('b50', '201708', 1, '0.00', '2017-10-01', 'RB'),
('b50', '201709', 12, '0.00', '2017-11-08', 'RB'),
('b50', '201710', 7, '0.00', '2017-12-03', 'RB'),
('b50', '201711', 8, '0.00', '2018-01-02', 'RB'),
('b50', '201712', 8, '0.00', '2018-02-05', 'RB'),
('b50', '201801', 9, '0.00', '2018-03-05', 'RB'),
('b50', '201802', 0, '0.00', '2018-04-03', 'RB'),
('b50', '201803', 3, '0.00', '2018-05-03', 'RB'),
('b50', '201804', 0, '0.00', '2018-06-05', 'RB'),
('b50', '201805', 12, '0.00', '2018-07-04', 'RB'),
('b50', '201806', 3, '0.00', '2018-08-01', 'RB'),
('b50', '201807', 0, '0.00', '2018-09-07', 'RB'),
('b50', '201808', 10, '0.00', '2018-10-07', 'RB'),
('b50', '201809', 11, '0.00', '2018-11-04', 'RB'),
('b50', '201810', 11, '0.00', '2018-12-06', 'RB'),
('b50', '201811', 10, '0.00', '2019-01-01', 'RB'),
('b50', '201812', 3, '0.00', '2019-02-04', 'RB'),
('b50', '201901', 6, '0.00', '2019-03-01', 'RB'),
('b50', '201902', 3, '0.00', '2019-04-02', 'RB'),
('b50', '201903', 12, '0.00', '2019-05-08', 'RB'),
('b50', '201904', 1, '0.00', '2019-06-03', 'RB'),
('b50', '201905', 10, '0.00', '2019-07-01', 'RB'),
('b50', '201906', 1, '0.00', '2019-08-01', 'RB'),
('b50', '201907', 5, '0.00', '2019-09-01', 'RB'),
('b50', '201908', 7, '0.00', '2019-10-01', 'RB'),
('b50', '201909', 7, '0.00', '2019-11-06', 'RB'),
('b50', '201910', 4, '0.00', '2019-12-06', 'RB'),
('b50', '201911', 8, '0.00', '2020-01-02', 'RB'),
('b50', '201912', 2, '0.00', '2020-02-06', 'RB'),
('b50', '202001', 5, '0.00', '2020-03-06', 'RB'),
('b50', '202002', 10, '0.00', '2020-04-03', 'RB'),
('b50', '202003', 4, '0.00', '2020-05-01', 'RB'),
('b50', '202004', 2, '0.00', '2020-06-01', 'RB'),
('b50', '202005', 11, '0.00', '2020-07-04', 'RB'),
('b50', '202006', 9, '0.00', '2020-08-06', 'RB'),
('b50', '202007', 3, '0.00', '2020-09-04', 'RB'),
('b50', '202008', 7, '0.00', '2020-10-07', 'RB'),
('b50', '202009', 8, '0.00', '2020-11-03', 'RB'),
('b50', '202010', 9, '0.00', '2020-12-06', 'RB'),
('b50', '202011', 1, '0.00', '2020-12-02', 'VA'),
('b50', '202012', 2, '0.00', '2021-01-12', 'CL'),
('b50', '202103', 1, '0.00', '2021-03-31', 'CR'),
('b50', '202104', 0, '0.00', '2021-04-02', 'CR'),
('b59', '201609', 7, '0.00', '2016-11-06', 'RB'),
('b59', '201610', 8, '0.00', '2016-12-01', 'RB'),
('b59', '201611', 11, '0.00', '2017-01-01', 'RB'),
('b59', '201612', 1, '0.00', '2017-02-03', 'RB'),
('b59', '201701', 5, '0.00', '2017-03-04', 'RB'),
('b59', '201702', 2, '0.00', '2017-04-08', 'RB'),
('b59', '201703', 7, '0.00', '2017-05-05', 'RB'),
('b59', '201704', 5, '0.00', '2017-06-06', 'RB'),
('b59', '201705', 12, '0.00', '2017-07-07', 'RB'),
('b59', '201706', 1, '0.00', '2017-08-07', 'RB'),
('b59', '201707', 1, '0.00', '2017-09-03', 'RB'),
('b59', '201708', 12, '0.00', '2017-10-08', 'RB'),
('b59', '201709', 6, '0.00', '2017-11-07', 'RB'),
('b59', '201710', 10, '0.00', '2017-12-04', 'RB'),
('b59', '201711', 12, '0.00', '2018-01-06', 'RB'),
('b59', '201712', 0, '0.00', '2018-02-03', 'RB'),
('b59', '201801', 0, '0.00', '2018-03-08', 'RB'),
('b59', '201802', 9, '0.00', '2018-04-04', 'RB'),
('b59', '201803', 9, '0.00', '2018-05-04', 'RB'),
('b59', '201804', 10, '0.00', '2018-06-04', 'RB'),
('b59', '201805', 5, '0.00', '2018-07-03', 'RB'),
('b59', '201806', 9, '0.00', '2018-08-07', 'RB'),
('b59', '201807', 3, '0.00', '2018-09-04', 'RB'),
('b59', '201808', 2, '0.00', '2018-10-04', 'RB'),
('b59', '201809', 10, '0.00', '2018-11-04', 'RB'),
('b59', '201810', 3, '0.00', '2018-12-05', 'RB'),
('b59', '201811', 3, '0.00', '2019-01-04', 'RB'),
('b59', '201812', 8, '0.00', '2019-02-06', 'RB'),
('b59', '201901', 7, '0.00', '2019-03-03', 'RB'),
('b59', '201902', 3, '0.00', '2019-04-03', 'RB'),
('b59', '201903', 11, '0.00', '2019-05-05', 'RB'),
('b59', '201904', 1, '0.00', '2019-06-04', 'RB'),
('b59', '201905', 3, '0.00', '2019-07-05', 'RB'),
('b59', '201906', 0, '0.00', '2019-08-05', 'RB'),
('b59', '201907', 1, '0.00', '2019-09-07', 'RB'),
('b59', '201908', 7, '0.00', '2019-10-04', 'RB'),
('b59', '201909', 3, '0.00', '2019-11-05', 'RB'),
('b59', '201910', 11, '0.00', '2019-12-05', 'RB'),
('b59', '201911', 10, '0.00', '2020-01-07', 'RB'),
('b59', '201912', 2, '0.00', '2020-02-07', 'RB'),
('b59', '202001', 7, '0.00', '2020-03-07', 'RB'),
('b59', '202002', 5, '0.00', '2020-04-03', 'RB'),
('b59', '202003', 10, '0.00', '2020-05-07', 'RB'),
('b59', '202004', 3, '0.00', '2020-06-05', 'RB'),
('b59', '202005', 7, '0.00', '2020-07-05', 'RB'),
('b59', '202006', 7, '0.00', '2020-08-04', 'RB'),
('b59', '202007', 7, '0.00', '2020-09-02', 'RB'),
('b59', '202008', 8, '0.00', '2020-10-08', 'RB'),
('b59', '202009', 5, '0.00', '2020-11-06', 'RB'),
('b59', '202010', 0, '0.00', '2020-12-03', 'RB'),
('b59', '202011', 4, '0.00', '2020-12-08', 'VA'),
('b59', '202012', 5, '0.00', '2021-01-25', 'CL'),
('b59', '202103', 1, '0.00', '2021-03-31', 'CR'),
('b59', '202104', 0, '0.00', '2021-04-02', 'CR'),
('c14', '201609', 9, '0.00', '2016-11-08', 'RB'),
('c14', '201610', 4, '0.00', '2016-12-08', 'RB'),
('c14', '201611', 10, '0.00', '2017-01-01', 'RB'),
('c14', '201612', 2, '0.00', '2017-02-03', 'RB'),
('c14', '201701', 11, '0.00', '2017-03-03', 'RB'),
('c14', '201702', 8, '0.00', '2017-04-06', 'RB'),
('c14', '201703', 7, '0.00', '2017-05-01', 'RB'),
('c14', '201704', 4, '0.00', '2017-06-08', 'RB'),
('c14', '201705', 3, '0.00', '2017-07-03', 'RB'),
('c14', '201706', 1, '0.00', '2017-08-06', 'RB'),
('c14', '201707', 9, '0.00', '2017-09-07', 'RB'),
('c14', '201708', 11, '0.00', '2017-10-04', 'RB'),
('c14', '201709', 1, '0.00', '2017-11-02', 'RB'),
('c14', '201710', 3, '0.00', '2017-12-02', 'RB'),
('c14', '201711', 5, '0.00', '2018-01-07', 'RB'),
('c14', '201712', 11, '0.00', '2018-02-07', 'RB'),
('c14', '201801', 8, '0.00', '2018-03-07', 'RB'),
('c14', '201802', 0, '0.00', '2018-04-05', 'RB'),
('c14', '201803', 2, '0.00', '2018-05-05', 'RB'),
('c14', '201804', 12, '0.00', '2018-06-07', 'RB'),
('c14', '201805', 10, '0.00', '2018-07-06', 'RB'),
('c14', '201806', 3, '0.00', '2018-08-06', 'RB'),
('c14', '201807', 9, '0.00', '2018-09-02', 'RB'),
('c14', '201808', 10, '0.00', '2018-10-07', 'RB'),
('c14', '201809', 9, '0.00', '2018-11-01', 'RB'),
('c14', '201810', 12, '0.00', '2018-12-04', 'RB'),
('c14', '201811', 6, '0.00', '2019-01-05', 'RB'),
('c14', '201812', 10, '0.00', '2019-02-05', 'RB'),
('c14', '201901', 6, '0.00', '2019-03-03', 'RB'),
('c14', '201902', 9, '0.00', '2019-04-04', 'RB'),
('c14', '201903', 5, '0.00', '2019-05-07', 'RB'),
('c14', '201904', 8, '0.00', '2019-06-07', 'RB'),
('c14', '201905', 11, '0.00', '2019-07-05', 'RB'),
('c14', '201906', 6, '0.00', '2019-08-06', 'RB'),
('c14', '201907', 3, '0.00', '2019-09-08', 'RB'),
('c14', '201908', 11, '0.00', '2019-10-07', 'RB'),
('c14', '201909', 4, '0.00', '2019-11-05', 'RB'),
('c14', '201910', 6, '0.00', '2019-12-02', 'RB'),
('c14', '201911', 10, '0.00', '2020-01-02', 'RB'),
('c14', '201912', 4, '0.00', '2020-02-05', 'RB'),
('c14', '202001', 0, '0.00', '2020-03-08', 'RB'),
('c14', '202002', 7, '0.00', '2020-04-03', 'RB'),
('c14', '202003', 12, '0.00', '2020-05-03', 'RB'),
('c14', '202004', 12, '0.00', '2020-06-05', 'RB'),
('c14', '202005', 10, '0.00', '2020-07-08', 'RB'),
('c14', '202006', 11, '0.00', '2020-08-08', 'RB'),
('c14', '202007', 12, '0.00', '2020-09-03', 'RB'),
('c14', '202008', 3, '0.00', '2020-10-07', 'RB'),
('c14', '202009', 7, '0.00', '2020-11-07', 'RB'),
('c14', '202010', 10, '0.00', '2020-12-06', 'RB'),
('c14', '202011', 3, '0.00', '2020-12-04', 'VA'),
('c14', '202012', 8, '0.00', '2021-01-12', 'CL'),
('c14', '202103', 1, '0.00', '2021-03-31', 'CR'),
('c14', '202104', 0, '0.00', '2021-04-02', 'CR'),
('c3', '201609', 7, '0.00', '2016-11-01', 'RB'),
('c3', '201610', 5, '0.00', '2016-12-02', 'RB'),
('c3', '201611', 9, '0.00', '2017-01-07', 'RB'),
('c3', '201612', 3, '0.00', '2017-02-04', 'RB'),
('c3', '201701', 4, '0.00', '2017-03-07', 'RB'),
('c3', '201702', 11, '0.00', '2017-04-02', 'RB'),
('c3', '201703', 2, '0.00', '2017-05-05', 'RB'),
('c3', '201704', 5, '0.00', '2017-06-01', 'RB'),
('c3', '201705', 7, '0.00', '2017-07-03', 'RB'),
('c3', '201706', 12, '0.00', '2017-08-01', 'RB'),
('c3', '201707', 0, '0.00', '2017-09-03', 'RB'),
('c3', '201708', 8, '0.00', '2017-10-04', 'RB'),
('c3', '201709', 11, '0.00', '2017-11-05', 'RB'),
('c3', '201710', 1, '0.00', '2017-12-08', 'RB'),
('c3', '201711', 8, '0.00', '2018-01-02', 'RB'),
('c3', '201712', 4, '0.00', '2018-02-07', 'RB'),
('c3', '201801', 6, '0.00', '2018-03-07', 'RB'),
('c3', '201802', 8, '0.00', '2018-04-02', 'RB'),
('c3', '201803', 4, '0.00', '2018-05-05', 'RB'),
('c3', '201804', 12, '0.00', '2018-06-07', 'RB'),
('c3', '201805', 12, '0.00', '2018-07-01', 'RB'),
('c3', '201806', 10, '0.00', '2018-08-01', 'RB'),
('c3', '201807', 4, '0.00', '2018-09-02', 'RB'),
('c3', '201808', 8, '0.00', '2018-10-07', 'RB'),
('c3', '201809', 0, '0.00', '2018-11-04', 'RB'),
('c3', '201810', 7, '0.00', '2018-12-07', 'RB'),
('c3', '201811', 12, '0.00', '2019-01-03', 'RB'),
('c3', '201812', 4, '0.00', '2019-02-06', 'RB'),
('c3', '201901', 7, '0.00', '2019-03-05', 'RB'),
('c3', '201902', 8, '0.00', '2019-04-01', 'RB'),
('c3', '201903', 1, '0.00', '2019-05-07', 'RB'),
('c3', '201904', 2, '0.00', '2019-06-06', 'RB'),
('c3', '201905', 5, '0.00', '2019-07-04', 'RB'),
('c3', '201906', 4, '0.00', '2019-08-05', 'RB'),
('c3', '201907', 11, '0.00', '2019-09-03', 'RB'),
('c3', '201908', 0, '0.00', '2019-10-05', 'RB'),
('c3', '201909', 7, '0.00', '2019-11-06', 'RB'),
('c3', '201910', 3, '0.00', '2019-12-06', 'RB'),
('c3', '201911', 10, '0.00', '2020-01-02', 'RB'),
('c3', '201912', 0, '0.00', '2020-02-05', 'RB'),
('c3', '202001', 5, '0.00', '2020-03-04', 'RB'),
('c3', '202002', 1, '0.00', '2020-04-05', 'RB'),
('c3', '202003', 12, '0.00', '2020-05-06', 'RB'),
('c3', '202004', 1, '0.00', '2020-06-04', 'RB'),
('c3', '202005', 11, '0.00', '2020-07-01', 'RB'),
('c3', '202006', 0, '0.00', '2020-08-03', 'RB'),
('c3', '202007', 12, '0.00', '2020-09-07', 'RB'),
('c3', '202008', 3, '0.00', '2020-10-05', 'RB'),
('c3', '202009', 9, '0.00', '2020-11-03', 'RB'),
('c3', '202010', 4, '0.00', '2020-12-06', 'RB'),
('c3', '202011', 6, '0.00', '2020-12-03', 'VA'),
('c3', '202012', 0, '0.00', '2021-01-12', 'CL'),
('c3', '202103', 1, '0.00', '2021-03-31', 'CR'),
('c3', '202104', 0, '0.00', '2021-04-02', 'CR'),
('c54', '201609', 0, '0.00', '2016-11-02', 'RB'),
('c54', '201610', 3, '0.00', '2016-12-01', 'RB'),
('c54', '201611', 0, '0.00', '2017-01-02', 'RB'),
('c54', '201612', 7, '0.00', '2017-02-01', 'RB'),
('c54', '201701', 2, '0.00', '2017-03-07', 'RB'),
('c54', '201702', 2, '0.00', '2017-04-07', 'RB'),
('c54', '201703', 6, '0.00', '2017-05-04', 'RB'),
('c54', '201704', 4, '0.00', '2017-06-07', 'RB'),
('c54', '201705', 4, '0.00', '2017-07-05', 'RB'),
('c54', '201706', 4, '0.00', '2017-08-05', 'RB'),
('c54', '201707', 7, '0.00', '2017-09-01', 'RB'),
('c54', '201708', 10, '0.00', '2017-10-03', 'RB'),
('c54', '201709', 9, '0.00', '2017-11-03', 'RB'),
('c54', '201710', 12, '0.00', '2017-12-07', 'RB'),
('c54', '201711', 1, '0.00', '2018-01-06', 'RB'),
('c54', '201712', 6, '0.00', '2018-02-03', 'RB'),
('c54', '201801', 7, '0.00', '2018-03-07', 'RB'),
('c54', '201802', 7, '0.00', '2018-04-04', 'RB'),
('c54', '201803', 0, '0.00', '2018-05-07', 'RB'),
('c54', '201804', 3, '0.00', '2018-06-05', 'RB'),
('c54', '201805', 9, '0.00', '2018-07-03', 'RB'),
('c54', '201806', 8, '0.00', '2018-08-05', 'RB'),
('c54', '201807', 1, '0.00', '2018-09-05', 'RB'),
('c54', '201808', 0, '0.00', '2018-10-02', 'RB'),
('c54', '201809', 8, '0.00', '2018-11-06', 'RB'),
('c54', '201810', 0, '0.00', '2018-12-08', 'RB'),
('c54', '201811', 7, '0.00', '2019-01-07', 'RB'),
('c54', '201812', 10, '0.00', '2019-02-07', 'RB'),
('c54', '201901', 6, '0.00', '2019-03-07', 'RB'),
('c54', '201902', 11, '0.00', '2019-04-02', 'RB'),
('c54', '201903', 8, '0.00', '2019-05-07', 'RB'),
('c54', '201904', 5, '0.00', '2019-06-05', 'RB'),
('c54', '201905', 9, '0.00', '2019-07-06', 'RB'),
('c54', '201906', 2, '0.00', '2019-08-08', 'RB'),
('c54', '201907', 11, '0.00', '2019-09-03', 'RB'),
('c54', '201908', 2, '0.00', '2019-10-06', 'RB'),
('c54', '201909', 6, '0.00', '2019-11-08', 'RB'),
('c54', '201910', 5, '0.00', '2019-12-04', 'RB'),
('c54', '201911', 4, '0.00', '2020-01-03', 'RB'),
('c54', '201912', 7, '0.00', '2020-02-08', 'RB'),
('c54', '202001', 6, '0.00', '2020-03-06', 'RB'),
('c54', '202002', 2, '0.00', '2020-04-07', 'RB'),
('c54', '202003', 12, '0.00', '2020-05-05', 'RB'),
('c54', '202004', 1, '0.00', '2020-06-02', 'RB'),
('c54', '202005', 3, '0.00', '2020-07-05', 'RB'),
('c54', '202006', 10, '0.00', '2020-08-01', 'RB'),
('c54', '202007', 8, '0.00', '2020-09-08', 'RB'),
('c54', '202008', 10, '0.00', '2020-10-03', 'RB'),
('c54', '202009', 11, '0.00', '2020-11-04', 'RB'),
('c54', '202010', 6, '0.00', '2020-12-08', 'RB'),
('c54', '202011', 1, '0.00', '2020-12-05', 'VA'),
('c54', '202012', 11, '0.00', '2021-01-12', 'CL'),
('c54', '202103', 1, '0.00', '2021-03-31', 'CR'),
('c54', '202104', 0, '0.00', '2021-04-02', 'CR'),
('d13', '201609', 8, '0.00', '2016-11-02', 'RB'),
('d13', '201610', 11, '0.00', '2016-12-04', 'RB'),
('d13', '201611', 0, '0.00', '2017-01-05', 'RB'),
('d13', '201612', 2, '0.00', '2017-02-02', 'RB'),
('d13', '201701', 3, '0.00', '2017-03-06', 'RB'),
('d13', '201702', 12, '0.00', '2017-04-03', 'RB'),
('d13', '201703', 3, '0.00', '2017-05-02', 'RB'),
('d13', '201704', 0, '0.00', '2017-06-05', 'RB'),
('d13', '201705', 7, '0.00', '2017-07-03', 'RB'),
('d13', '201706', 7, '0.00', '2017-08-04', 'RB'),
('d13', '201707', 11, '0.00', '2017-09-02', 'RB'),
('d13', '201708', 0, '0.00', '2017-10-08', 'RB'),
('d13', '201709', 11, '0.00', '2017-11-02', 'RB'),
('d13', '201710', 11, '0.00', '2017-12-07', 'RB'),
('d13', '201711', 10, '0.00', '2018-01-02', 'RB'),
('d13', '201712', 8, '0.00', '2018-02-01', 'RB'),
('d13', '201801', 9, '0.00', '2018-03-04', 'RB'),
('d13', '201802', 5, '0.00', '2018-04-08', 'RB'),
('d13', '201803', 0, '0.00', '2018-05-02', 'RB'),
('d13', '201804', 6, '0.00', '2018-06-01', 'RB'),
('d13', '201805', 8, '0.00', '2018-07-04', 'RB'),
('d13', '201806', 7, '0.00', '2018-08-08', 'RB'),
('d13', '201807', 7, '0.00', '2018-09-05', 'RB'),
('d13', '201808', 1, '0.00', '2018-10-05', 'RB'),
('d13', '201809', 8, '0.00', '2018-11-01', 'RB'),
('d13', '201810', 0, '0.00', '2018-12-03', 'RB'),
('d13', '201811', 3, '0.00', '2019-01-03', 'RB'),
('d13', '201812', 0, '0.00', '2019-02-02', 'RB'),
('d13', '201901', 5, '0.00', '2019-03-02', 'RB'),
('d13', '201902', 3, '0.00', '2019-04-05', 'RB'),
('d13', '201903', 9, '0.00', '2019-05-02', 'RB'),
('d13', '201904', 9, '0.00', '2019-06-05', 'RB'),
('d13', '201905', 0, '0.00', '2019-07-07', 'RB'),
('d13', '201906', 1, '0.00', '2019-08-06', 'RB'),
('d13', '201907', 0, '0.00', '2019-09-07', 'RB'),
('d13', '201908', 0, '0.00', '2019-10-04', 'RB'),
('d13', '201909', 1, '0.00', '2019-11-01', 'RB'),
('d13', '201910', 5, '0.00', '2019-12-06', 'RB'),
('d13', '201911', 6, '0.00', '2020-01-02', 'RB'),
('d13', '201912', 12, '0.00', '2020-02-01', 'RB'),
('d13', '202001', 2, '0.00', '2020-03-06', 'RB'),
('d13', '202002', 5, '0.00', '2020-04-07', 'RB'),
('d13', '202003', 2, '0.00', '2020-05-05', 'RB'),
('d13', '202004', 3, '0.00', '2020-06-08', 'RB'),
('d13', '202005', 8, '0.00', '2020-07-05', 'RB'),
('d13', '202006', 10, '0.00', '2020-08-06', 'RB'),
('d13', '202007', 6, '0.00', '2020-09-02', 'RB'),
('d13', '202008', 11, '0.00', '2020-10-07', 'RB'),
('d13', '202009', 1, '0.00', '2020-11-05', 'RB'),
('d13', '202010', 12, '0.00', '2020-12-02', 'RB'),
('d13', '202011', 5, '0.00', '2020-12-08', 'VA'),
('d13', '202012', 11, '0.00', '2021-01-12', 'CL'),
('d13', '202103', 1, '0.00', '2021-03-31', 'CR'),
('d13', '202104', 0, '0.00', '2021-04-02', 'CR'),
('d51', '201609', 3, '0.00', '2016-11-08', 'RB'),
('d51', '201610', 1, '0.00', '2016-12-02', 'RB'),
('d51', '201611', 1, '0.00', '2017-01-06', 'RB'),
('d51', '201612', 9, '0.00', '2017-02-05', 'RB'),
('d51', '201701', 5, '0.00', '2017-03-07', 'RB'),
('d51', '201702', 6, '0.00', '2017-04-05', 'RB'),
('d51', '201703', 4, '0.00', '2017-05-01', 'RB'),
('d51', '201704', 8, '0.00', '2017-06-01', 'RB'),
('d51', '201705', 11, '0.00', '2017-07-06', 'RB'),
('d51', '201706', 10, '0.00', '2017-08-08', 'RB'),
('d51', '201707', 8, '0.00', '2017-09-07', 'RB'),
('d51', '201708', 1, '0.00', '2017-10-02', 'RB'),
('d51', '201709', 9, '0.00', '2017-11-01', 'RB'),
('d51', '201710', 7, '0.00', '2017-12-01', 'RB'),
('d51', '201711', 6, '0.00', '2018-01-03', 'RB'),
('d51', '201712', 7, '0.00', '2018-02-07', 'RB'),
('d51', '201801', 7, '0.00', '2018-03-05', 'RB'),
('d51', '201802', 3, '0.00', '2018-04-04', 'RB'),
('d51', '201803', 6, '0.00', '2018-05-05', 'RB'),
('d51', '201804', 10, '0.00', '2018-06-02', 'RB'),
('d51', '201805', 11, '0.00', '2018-07-02', 'RB'),
('d51', '201806', 3, '0.00', '2018-08-02', 'RB'),
('d51', '201807', 12, '0.00', '2018-09-01', 'RB'),
('d51', '201808', 6, '0.00', '2018-10-08', 'RB'),
('d51', '201809', 12, '0.00', '2018-11-05', 'RB'),
('d51', '201810', 5, '0.00', '2018-12-08', 'RB'),
('d51', '201811', 3, '0.00', '2019-01-08', 'RB'),
('d51', '201812', 0, '0.00', '2019-02-01', 'RB'),
('d51', '201901', 7, '0.00', '2019-03-03', 'RB'),
('d51', '201902', 3, '0.00', '2019-04-01', 'RB'),
('d51', '201903', 12, '0.00', '2019-05-08', 'RB'),
('d51', '201904', 3, '0.00', '2019-06-03', 'RB'),
('d51', '201905', 2, '0.00', '2019-07-06', 'RB'),
('d51', '201906', 5, '0.00', '2019-08-01', 'RB'),
('d51', '201907', 7, '0.00', '2019-09-07', 'RB'),
('d51', '201908', 6, '0.00', '2019-10-04', 'RB'),
('d51', '201909', 8, '0.00', '2019-11-05', 'RB'),
('d51', '201910', 10, '0.00', '2019-12-07', 'RB'),
('d51', '201911', 10, '0.00', '2020-01-05', 'RB'),
('d51', '201912', 4, '0.00', '2020-02-06', 'RB'),
('d51', '202001', 7, '0.00', '2020-03-08', 'RB'),
('d51', '202002', 2, '0.00', '2020-04-07', 'RB'),
('d51', '202003', 9, '0.00', '2020-05-07', 'RB'),
('d51', '202004', 4, '0.00', '2020-06-01', 'RB'),
('d51', '202005', 3, '0.00', '2020-07-08', 'RB'),
('d51', '202006', 1, '0.00', '2020-08-03', 'RB'),
('d51', '202007', 1, '0.00', '2020-09-01', 'RB'),
('d51', '202008', 12, '0.00', '2020-10-06', 'RB'),
('d51', '202009', 10, '0.00', '2020-11-06', 'RB'),
('d51', '202010', 11, '0.00', '2020-12-04', 'RB'),
('d51', '202011', 11, '0.00', '2020-12-06', 'VA'),
('d51', '202012', 7, '0.00', '2021-01-12', 'CL'),
('d51', '202103', 1, '0.00', '2021-03-31', 'CR'),
('d51', '202104', 0, '0.00', '2021-04-02', 'CR'),
('e22', '201609', 10, '0.00', '2016-11-06', 'RB'),
('e22', '201610', 9, '0.00', '2016-12-05', 'RB'),
('e22', '201611', 6, '0.00', '2017-01-08', 'RB'),
('e22', '201612', 10, '0.00', '2017-02-07', 'RB'),
('e22', '201701', 12, '0.00', '2017-03-04', 'RB'),
('e22', '201702', 11, '0.00', '2017-04-01', 'RB'),
('e22', '201703', 2, '0.00', '2017-05-04', 'RB'),
('e22', '201704', 1, '0.00', '2017-06-03', 'RB'),
('e22', '201705', 4, '0.00', '2017-07-03', 'RB'),
('e22', '201706', 6, '0.00', '2017-08-07', 'RB'),
('e22', '201707', 9, '0.00', '2017-09-01', 'RB'),
('e22', '201708', 4, '0.00', '2017-10-04', 'RB'),
('e22', '201709', 6, '0.00', '2017-11-05', 'RB'),
('e22', '201710', 2, '0.00', '2017-12-05', 'RB'),
('e22', '201711', 10, '0.00', '2018-01-08', 'RB'),
('e22', '201712', 2, '0.00', '2018-02-04', 'RB'),
('e22', '201801', 11, '0.00', '2018-03-08', 'RB'),
('e22', '201802', 5, '0.00', '2018-04-06', 'RB'),
('e22', '201803', 4, '0.00', '2018-05-04', 'RB'),
('e22', '201804', 3, '0.00', '2018-06-07', 'RB'),
('e22', '201805', 7, '0.00', '2018-07-03', 'RB'),
('e22', '201806', 3, '0.00', '2018-08-07', 'RB'),
('e22', '201807', 4, '0.00', '2018-09-05', 'RB'),
('e22', '201808', 5, '0.00', '2018-10-04', 'RB'),
('e22', '201809', 2, '0.00', '2018-11-02', 'RB'),
('e22', '201810', 9, '0.00', '2018-12-04', 'RB'),
('e22', '201811', 0, '0.00', '2019-01-05', 'RB'),
('e22', '201812', 12, '0.00', '2019-02-06', 'RB'),
('e22', '201901', 4, '0.00', '2019-03-06', 'RB'),
('e22', '201902', 1, '0.00', '2019-04-01', 'RB'),
('e22', '201903', 4, '0.00', '2019-05-08', 'RB'),
('e22', '201904', 10, '0.00', '2019-06-04', 'RB'),
('e22', '201905', 5, '0.00', '2019-07-05', 'RB'),
('e22', '201906', 11, '0.00', '2019-08-08', 'RB'),
('e22', '201907', 0, '0.00', '2019-09-04', 'RB'),
('e22', '201908', 12, '0.00', '2019-10-07', 'RB'),
('e22', '201909', 9, '0.00', '2019-11-04', 'RB'),
('e22', '201910', 6, '0.00', '2019-12-08', 'RB'),
('e22', '201911', 2, '0.00', '2020-01-08', 'RB'),
('e22', '201912', 8, '0.00', '2020-02-06', 'RB'),
('e22', '202001', 11, '0.00', '2020-03-02', 'RB'),
('e22', '202002', 5, '0.00', '2020-04-02', 'RB'),
('e22', '202003', 7, '0.00', '2020-05-01', 'RB'),
('e22', '202004', 5, '0.00', '2020-06-08', 'RB'),
('e22', '202005', 12, '0.00', '2020-07-02', 'RB'),
('e22', '202006', 10, '0.00', '2020-08-02', 'RB'),
('e22', '202007', 5, '0.00', '2020-09-02', 'RB'),
('e22', '202008', 3, '0.00', '2020-10-01', 'RB'),
('e22', '202009', 8, '0.00', '2020-11-04', 'RB'),
('e22', '202010', 2, '0.00', '2020-12-07', 'RB'),
('e22', '202011', 12, '0.00', '2020-12-01', 'VA'),
('e22', '202012', 1, '0.00', '2021-01-12', 'CL'),
('e22', '202103', 1, '0.00', '2021-03-31', 'CR'),
('e22', '202104', 0, '0.00', '2021-04-02', 'CR'),
('e24', '201609', 5, '0.00', '2016-11-05', 'RB'),
('e24', '201610', 5, '0.00', '2016-12-07', 'RB'),
('e24', '201611', 10, '0.00', '2017-01-02', 'RB');
INSERT INTO `fichefrais` (`idvisiteur`, `mois`, `nbjustificatifs`, `montantvalide`, `datemodif`, `idetat`) VALUES
('e24', '201612', 12, '0.00', '2017-02-02', 'RB'),
('e24', '201701', 8, '0.00', '2017-03-08', 'RB'),
('e24', '201702', 0, '0.00', '2017-04-08', 'RB'),
('e24', '201703', 12, '0.00', '2017-05-05', 'RB'),
('e24', '201704', 7, '0.00', '2017-06-04', 'RB'),
('e24', '201705', 6, '0.00', '2017-07-06', 'RB'),
('e24', '201706', 0, '0.00', '2017-08-08', 'RB'),
('e24', '201707', 2, '0.00', '2017-09-06', 'RB'),
('e24', '201708', 11, '0.00', '2017-10-08', 'RB'),
('e24', '201709', 0, '0.00', '2017-11-06', 'RB'),
('e24', '201710', 8, '0.00', '2017-12-06', 'RB'),
('e24', '201711', 1, '0.00', '2018-01-01', 'RB'),
('e24', '201712', 10, '0.00', '2018-02-05', 'RB'),
('e24', '201801', 6, '0.00', '2018-03-07', 'RB'),
('e24', '201802', 6, '0.00', '2018-04-05', 'RB'),
('e24', '201803', 1, '0.00', '2018-05-01', 'RB'),
('e24', '201804', 12, '0.00', '2018-06-02', 'RB'),
('e24', '201805', 9, '0.00', '2018-07-01', 'RB'),
('e24', '201806', 5, '0.00', '2018-08-05', 'RB'),
('e24', '201807', 12, '0.00', '2018-09-04', 'RB'),
('e24', '201808', 6, '0.00', '2018-10-02', 'RB'),
('e24', '201809', 9, '0.00', '2018-11-07', 'RB'),
('e24', '201810', 3, '0.00', '2018-12-05', 'RB'),
('e24', '201811', 8, '0.00', '2019-01-08', 'RB'),
('e24', '201812', 1, '0.00', '2019-02-01', 'RB'),
('e24', '201901', 9, '0.00', '2019-03-01', 'RB'),
('e24', '201902', 12, '0.00', '2019-04-03', 'RB'),
('e24', '201903', 0, '0.00', '2019-05-03', 'RB'),
('e24', '201904', 6, '0.00', '2019-06-01', 'RB'),
('e24', '201905', 5, '0.00', '2019-07-05', 'RB'),
('e24', '201906', 7, '0.00', '2019-08-08', 'RB'),
('e24', '201907', 7, '0.00', '2019-09-03', 'RB'),
('e24', '201908', 4, '0.00', '2019-10-02', 'RB'),
('e24', '201909', 1, '0.00', '2019-11-08', 'RB'),
('e24', '201910', 7, '0.00', '2019-12-06', 'RB'),
('e24', '201911', 4, '0.00', '2020-01-02', 'RB'),
('e24', '201912', 0, '0.00', '2020-02-02', 'RB'),
('e24', '202001', 3, '0.00', '2020-03-04', 'RB'),
('e24', '202002', 4, '0.00', '2020-04-06', 'RB'),
('e24', '202003', 10, '0.00', '2020-05-02', 'RB'),
('e24', '202004', 9, '0.00', '2020-06-03', 'RB'),
('e24', '202005', 9, '0.00', '2020-07-01', 'RB'),
('e24', '202006', 11, '0.00', '2020-08-05', 'RB'),
('e24', '202007', 5, '0.00', '2020-09-02', 'RB'),
('e24', '202008', 1, '0.00', '2020-10-04', 'RB'),
('e24', '202009', 12, '0.00', '2020-11-02', 'RB'),
('e24', '202010', 5, '0.00', '2020-12-01', 'RB'),
('e24', '202011', 0, '0.00', '2020-12-06', 'VA'),
('e24', '202012', 5, '0.00', '2021-01-12', 'CL'),
('e24', '202103', 1, '0.00', '2021-03-31', 'CR'),
('e24', '202104', 0, '0.00', '2021-04-02', 'CR'),
('e39', '201609', 6, '0.00', '2016-11-02', 'RB'),
('e39', '201610', 1, '0.00', '2016-12-06', 'RB'),
('e39', '201611', 9, '0.00', '2017-01-06', 'RB'),
('e39', '201612', 9, '0.00', '2017-02-04', 'RB'),
('e39', '201701', 1, '0.00', '2017-03-06', 'RB'),
('e39', '201702', 1, '0.00', '2017-04-05', 'RB'),
('e39', '201703', 10, '0.00', '2017-05-07', 'RB'),
('e39', '201704', 7, '0.00', '2017-06-05', 'RB'),
('e39', '201705', 0, '0.00', '2017-07-02', 'RB'),
('e39', '201706', 9, '0.00', '2017-08-04', 'RB'),
('e39', '201707', 1, '0.00', '2017-09-06', 'RB'),
('e39', '201708', 10, '0.00', '2017-10-03', 'RB'),
('e39', '201709', 1, '0.00', '2017-11-02', 'RB'),
('e39', '201710', 0, '0.00', '2017-12-06', 'RB'),
('e39', '201711', 8, '0.00', '2018-01-03', 'RB'),
('e39', '201712', 1, '0.00', '2018-02-08', 'RB'),
('e39', '201801', 8, '0.00', '2018-03-05', 'RB'),
('e39', '201802', 0, '0.00', '2018-04-08', 'RB'),
('e39', '201803', 0, '0.00', '2018-05-02', 'RB'),
('e39', '201804', 8, '0.00', '2018-06-02', 'RB'),
('e39', '201805', 11, '0.00', '2018-07-06', 'RB'),
('e39', '201806', 8, '0.00', '2018-08-02', 'RB'),
('e39', '201807', 5, '0.00', '2018-09-06', 'RB'),
('e39', '201808', 11, '0.00', '2018-10-02', 'RB'),
('e39', '201809', 4, '0.00', '2018-11-01', 'RB'),
('e39', '201810', 4, '0.00', '2018-12-07', 'RB'),
('e39', '201811', 2, '0.00', '2019-01-05', 'RB'),
('e39', '201812', 12, '0.00', '2019-02-06', 'RB'),
('e39', '201901', 2, '0.00', '2019-03-01', 'RB'),
('e39', '201902', 11, '0.00', '2019-04-08', 'RB'),
('e39', '201903', 8, '0.00', '2019-05-06', 'RB'),
('e39', '201904', 3, '0.00', '2019-06-03', 'RB'),
('e39', '201905', 12, '0.00', '2019-07-01', 'RB'),
('e39', '201906', 5, '0.00', '2019-08-02', 'RB'),
('e39', '201907', 9, '0.00', '2019-09-05', 'RB'),
('e39', '201908', 12, '0.00', '2019-10-01', 'RB'),
('e39', '201909', 8, '0.00', '2019-11-03', 'RB'),
('e39', '201910', 2, '0.00', '2019-12-05', 'RB'),
('e39', '201911', 7, '0.00', '2020-01-07', 'RB'),
('e39', '201912', 5, '0.00', '2020-02-04', 'RB'),
('e39', '202001', 0, '0.00', '2020-03-07', 'RB'),
('e39', '202002', 2, '0.00', '2020-04-02', 'RB'),
('e39', '202003', 2, '0.00', '2020-05-08', 'RB'),
('e39', '202004', 12, '0.00', '2020-06-01', 'RB'),
('e39', '202005', 1, '0.00', '2020-07-05', 'RB'),
('e39', '202006', 1, '0.00', '2020-08-08', 'RB'),
('e39', '202007', 0, '0.00', '2020-09-02', 'RB'),
('e39', '202008', 5, '0.00', '2020-10-05', 'RB'),
('e39', '202009', 1, '0.00', '2020-11-03', 'RB'),
('e39', '202010', 12, '0.00', '2020-12-05', 'RB'),
('e39', '202011', 0, '0.00', '2020-12-06', 'VA'),
('e39', '202012', 3, '0.00', '2021-01-12', 'CL'),
('e39', '202103', 1, '0.00', '2021-03-31', 'CR'),
('e39', '202104', 0, '0.00', '2021-04-02', 'CR'),
('e49', '201609', 0, '0.00', '2016-11-06', 'RB'),
('e49', '201610', 12, '0.00', '2016-12-04', 'RB'),
('e49', '201611', 4, '0.00', '2017-01-03', 'RB'),
('e49', '201612', 7, '0.00', '2017-02-01', 'RB'),
('e49', '201701', 2, '0.00', '2017-03-02', 'RB'),
('e49', '201702', 10, '0.00', '2017-04-01', 'RB'),
('e49', '201703', 3, '0.00', '2017-05-06', 'RB'),
('e49', '201704', 2, '0.00', '2017-06-04', 'RB'),
('e49', '201705', 7, '0.00', '2017-07-06', 'RB'),
('e49', '201706', 8, '0.00', '2017-08-01', 'RB'),
('e49', '201707', 1, '0.00', '2017-09-02', 'RB'),
('e49', '201708', 8, '0.00', '2017-10-02', 'RB'),
('e49', '201709', 5, '0.00', '2017-11-01', 'RB'),
('e49', '201710', 12, '0.00', '2017-12-06', 'RB'),
('e49', '201711', 6, '0.00', '2018-01-07', 'RB'),
('e49', '201712', 1, '0.00', '2018-02-06', 'RB'),
('e49', '201801', 0, '0.00', '2018-03-03', 'RB'),
('e49', '201802', 9, '0.00', '2018-04-04', 'RB'),
('e49', '201803', 6, '0.00', '2018-05-03', 'RB'),
('e49', '201804', 10, '0.00', '2018-06-03', 'RB'),
('e49', '201805', 0, '0.00', '2018-07-05', 'RB'),
('e49', '201806', 8, '0.00', '2018-08-01', 'RB'),
('e49', '201807', 5, '0.00', '2018-09-07', 'RB'),
('e49', '201808', 2, '0.00', '2018-10-06', 'RB'),
('e49', '201809', 1, '0.00', '2018-11-08', 'RB'),
('e49', '201810', 5, '0.00', '2018-12-08', 'RB'),
('e49', '201811', 3, '0.00', '2019-01-03', 'RB'),
('e49', '201812', 1, '0.00', '2019-02-07', 'RB'),
('e49', '201901', 6, '0.00', '2019-03-06', 'RB'),
('e49', '201902', 4, '0.00', '2019-04-06', 'RB'),
('e49', '201903', 4, '0.00', '2019-05-03', 'RB'),
('e49', '201904', 3, '0.00', '2019-06-08', 'RB'),
('e49', '201905', 12, '0.00', '2019-07-03', 'RB'),
('e49', '201906', 5, '0.00', '2019-08-03', 'RB'),
('e49', '201907', 7, '0.00', '2019-09-06', 'RB'),
('e49', '201908', 3, '0.00', '2019-10-07', 'RB'),
('e49', '201909', 7, '0.00', '2019-11-05', 'RB'),
('e49', '201910', 7, '0.00', '2019-12-01', 'RB'),
('e49', '201911', 5, '0.00', '2020-01-03', 'RB'),
('e49', '201912', 10, '0.00', '2020-02-05', 'RB'),
('e49', '202001', 8, '0.00', '2020-03-03', 'RB'),
('e49', '202002', 3, '0.00', '2020-04-08', 'RB'),
('e49', '202003', 0, '0.00', '2020-05-07', 'RB'),
('e49', '202004', 3, '0.00', '2020-06-01', 'RB'),
('e49', '202005', 3, '0.00', '2020-07-08', 'RB'),
('e49', '202006', 11, '0.00', '2020-08-05', 'RB'),
('e49', '202007', 6, '0.00', '2020-09-04', 'RB'),
('e49', '202008', 9, '0.00', '2020-10-06', 'RB'),
('e49', '202009', 2, '0.00', '2020-11-02', 'RB'),
('e49', '202010', 8, '0.00', '2020-12-08', 'RB'),
('e49', '202011', 4, '0.00', '2020-12-02', 'VA'),
('e49', '202012', 12, '0.00', '2021-01-12', 'CL'),
('e49', '202103', 1, '0.00', '2021-03-31', 'CR'),
('e49', '202104', 0, '0.00', '2021-04-02', 'CR'),
('e5', '201609', 6, '0.00', '2016-11-01', 'RB'),
('e5', '201610', 12, '0.00', '2016-12-03', 'RB'),
('e5', '201611', 4, '0.00', '2017-01-04', 'RB'),
('e5', '201612', 2, '0.00', '2017-02-06', 'RB'),
('e5', '201701', 5, '0.00', '2017-03-03', 'RB'),
('e5', '201702', 7, '0.00', '2017-04-04', 'RB'),
('e5', '201703', 11, '0.00', '2017-05-04', 'RB'),
('e5', '201704', 9, '0.00', '2017-06-05', 'RB'),
('e5', '201705', 0, '0.00', '2017-07-02', 'RB'),
('e5', '201706', 5, '0.00', '2017-08-01', 'RB'),
('e5', '201707', 3, '0.00', '2017-09-02', 'RB'),
('e5', '201708', 9, '0.00', '2017-10-04', 'RB'),
('e5', '201709', 2, '0.00', '2017-11-02', 'RB'),
('e5', '201710', 10, '0.00', '2017-12-06', 'RB'),
('e5', '201711', 9, '0.00', '2018-01-06', 'RB'),
('e5', '201712', 3, '0.00', '2018-02-03', 'RB'),
('e5', '201801', 3, '0.00', '2018-03-03', 'RB'),
('e5', '201802', 2, '0.00', '2018-04-02', 'RB'),
('e5', '201803', 7, '0.00', '2018-05-07', 'RB'),
('e5', '201804', 9, '0.00', '2018-06-04', 'RB'),
('e5', '201805', 2, '0.00', '2018-07-02', 'RB'),
('e5', '201806', 3, '0.00', '2018-08-06', 'RB'),
('e5', '201807', 8, '0.00', '2018-09-04', 'RB'),
('e5', '201808', 10, '0.00', '2018-10-08', 'RB'),
('e5', '201809', 10, '0.00', '2018-11-05', 'RB'),
('e5', '201810', 4, '0.00', '2018-12-04', 'RB'),
('e5', '201811', 11, '0.00', '2019-01-04', 'RB'),
('e5', '201812', 5, '0.00', '2019-02-02', 'RB'),
('e5', '201901', 4, '0.00', '2019-03-02', 'RB'),
('e5', '201902', 3, '0.00', '2019-04-02', 'RB'),
('e5', '201903', 4, '0.00', '2019-05-03', 'RB'),
('e5', '201904', 1, '0.00', '2019-06-05', 'RB'),
('e5', '201905', 8, '0.00', '2019-07-03', 'RB'),
('e5', '201906', 11, '0.00', '2019-08-02', 'RB'),
('e5', '201907', 9, '0.00', '2019-09-01', 'RB'),
('e5', '201908', 2, '0.00', '2019-10-05', 'RB'),
('e5', '201909', 4, '0.00', '2019-11-04', 'RB'),
('e5', '201910', 9, '0.00', '2019-12-01', 'RB'),
('e5', '201911', 10, '0.00', '2020-01-01', 'RB'),
('e5', '201912', 8, '0.00', '2020-02-01', 'RB'),
('e5', '202001', 2, '0.00', '2020-03-08', 'RB'),
('e5', '202002', 9, '0.00', '2020-04-02', 'RB'),
('e5', '202003', 10, '0.00', '2020-05-03', 'RB'),
('e5', '202004', 2, '0.00', '2020-06-01', 'RB'),
('e5', '202005', 4, '0.00', '2020-07-02', 'RB'),
('e5', '202006', 10, '0.00', '2020-08-03', 'RB'),
('e5', '202007', 12, '0.00', '2020-09-03', 'RB'),
('e5', '202008', 10, '0.00', '2020-10-06', 'RB'),
('e5', '202009', 9, '0.00', '2020-11-04', 'RB'),
('e5', '202010', 7, '0.00', '2020-12-05', 'RB'),
('e5', '202011', 12, '0.00', '2020-12-03', 'VA'),
('e5', '202012', 3, '0.00', '2021-01-12', 'CL'),
('e5', '202103', 1, '0.00', '2021-03-31', 'CR'),
('e5', '202104', 0, '0.00', '2021-04-02', 'CR'),
('e52', '201609', 5, '0.00', '2016-11-04', 'RB'),
('e52', '201610', 7, '0.00', '2016-12-04', 'RB'),
('e52', '201611', 3, '0.00', '2017-01-08', 'RB'),
('e52', '201612', 10, '0.00', '2017-02-02', 'RB'),
('e52', '201701', 2, '0.00', '2017-03-07', 'RB'),
('e52', '201702', 9, '0.00', '2017-04-07', 'RB'),
('e52', '201703', 0, '0.00', '2017-05-08', 'RB'),
('e52', '201704', 7, '0.00', '2017-06-05', 'RB'),
('e52', '201705', 4, '0.00', '2017-07-01', 'RB'),
('e52', '201706', 12, '0.00', '2017-08-04', 'RB'),
('e52', '201707', 3, '0.00', '2017-09-05', 'RB'),
('e52', '201708', 2, '0.00', '2017-10-06', 'RB'),
('e52', '201709', 8, '0.00', '2017-11-05', 'RB'),
('e52', '201710', 3, '0.00', '2017-12-06', 'RB'),
('e52', '201711', 11, '0.00', '2018-01-03', 'RB'),
('e52', '201712', 6, '0.00', '2018-02-01', 'RB'),
('e52', '201801', 5, '0.00', '2018-03-06', 'RB'),
('e52', '201802', 8, '0.00', '2018-04-05', 'RB'),
('e52', '201803', 2, '0.00', '2018-05-05', 'RB'),
('e52', '201804', 11, '0.00', '2018-06-03', 'RB'),
('e52', '201805', 5, '0.00', '2018-07-08', 'RB'),
('e52', '201806', 1, '0.00', '2018-08-04', 'RB'),
('e52', '201807', 0, '0.00', '2018-09-01', 'RB'),
('e52', '201808', 4, '0.00', '2018-10-04', 'RB'),
('e52', '201809', 9, '0.00', '2018-11-04', 'RB'),
('e52', '201810', 6, '0.00', '2018-12-07', 'RB'),
('e52', '201811', 10, '0.00', '2019-01-07', 'RB'),
('e52', '201812', 3, '0.00', '2019-02-01', 'RB'),
('e52', '201901', 7, '0.00', '2019-03-05', 'RB'),
('e52', '201902', 9, '0.00', '2019-04-05', 'RB'),
('e52', '201903', 0, '0.00', '2019-05-03', 'RB'),
('e52', '201904', 3, '0.00', '2019-06-06', 'RB'),
('e52', '201905', 8, '0.00', '2019-07-01', 'RB'),
('e52', '201906', 2, '0.00', '2019-08-05', 'RB'),
('e52', '201907', 3, '0.00', '2019-09-08', 'RB'),
('e52', '201908', 6, '0.00', '2019-10-01', 'RB'),
('e52', '201909', 5, '0.00', '2019-11-06', 'RB'),
('e52', '201910', 1, '0.00', '2019-12-04', 'RB'),
('e52', '201911', 7, '0.00', '2020-01-07', 'RB'),
('e52', '201912', 3, '0.00', '2020-02-03', 'RB'),
('e52', '202001', 5, '0.00', '2020-03-02', 'RB'),
('e52', '202002', 12, '0.00', '2020-04-06', 'RB'),
('e52', '202003', 2, '0.00', '2020-05-08', 'RB'),
('e52', '202004', 12, '0.00', '2020-06-03', 'RB'),
('e52', '202005', 6, '0.00', '2020-07-02', 'RB'),
('e52', '202006', 7, '0.00', '2020-08-01', 'RB'),
('e52', '202007', 6, '0.00', '2020-09-04', 'RB'),
('e52', '202008', 0, '0.00', '2020-10-01', 'RB'),
('e52', '202009', 10, '0.00', '2020-11-07', 'RB'),
('e52', '202010', 3, '0.00', '2020-12-08', 'RB'),
('e52', '202011', 9, '0.00', '2020-12-07', 'VA'),
('e52', '202012', 6, '0.00', '2021-01-12', 'CL'),
('f21', '201609', 3, '0.00', '2016-11-05', 'RB'),
('f21', '201610', 9, '0.00', '2016-12-04', 'RB'),
('f21', '201611', 8, '0.00', '2017-01-01', 'RB'),
('f21', '201612', 7, '0.00', '2017-02-01', 'RB'),
('f21', '201701', 5, '0.00', '2017-03-04', 'RB'),
('f21', '201702', 10, '0.00', '2017-04-06', 'RB'),
('f21', '201703', 6, '0.00', '2017-05-04', 'RB'),
('f21', '201704', 6, '0.00', '2017-06-07', 'RB'),
('f21', '201705', 4, '0.00', '2017-07-01', 'RB'),
('f21', '201706', 9, '0.00', '2017-08-01', 'RB'),
('f21', '201707', 5, '0.00', '2017-09-08', 'RB'),
('f21', '201708', 12, '0.00', '2017-10-07', 'RB'),
('f21', '201709', 7, '0.00', '2017-11-05', 'RB'),
('f21', '201710', 10, '0.00', '2017-12-04', 'RB'),
('f21', '201711', 10, '0.00', '2018-01-04', 'RB'),
('f21', '201712', 10, '0.00', '2018-02-06', 'RB'),
('f21', '201801', 2, '0.00', '2018-03-06', 'RB'),
('f21', '201802', 7, '0.00', '2018-04-02', 'RB'),
('f21', '201803', 3, '0.00', '2018-05-07', 'RB'),
('f21', '201804', 6, '0.00', '2018-06-01', 'RB'),
('f21', '201805', 1, '0.00', '2018-07-04', 'RB'),
('f21', '201806', 9, '0.00', '2018-08-05', 'RB'),
('f21', '201807', 10, '0.00', '2018-09-06', 'RB'),
('f21', '201808', 5, '0.00', '2018-10-07', 'RB'),
('f21', '201809', 12, '0.00', '2018-11-07', 'RB'),
('f21', '201810', 9, '0.00', '2018-12-03', 'RB'),
('f21', '201811', 11, '0.00', '2019-01-07', 'RB'),
('f21', '201812', 3, '0.00', '2019-02-05', 'RB'),
('f21', '201901', 0, '0.00', '2019-03-08', 'RB'),
('f21', '201902', 0, '0.00', '2019-04-02', 'RB'),
('f21', '201903', 7, '0.00', '2019-05-02', 'RB'),
('f21', '201904', 2, '0.00', '2019-06-06', 'RB'),
('f21', '201905', 7, '0.00', '2019-07-05', 'RB'),
('f21', '201906', 2, '0.00', '2019-08-07', 'RB'),
('f21', '201907', 9, '0.00', '2019-09-07', 'RB'),
('f21', '201908', 6, '0.00', '2019-10-01', 'RB'),
('f21', '201909', 2, '0.00', '2019-11-02', 'RB'),
('f21', '201910', 4, '0.00', '2019-12-05', 'RB'),
('f21', '201911', 7, '0.00', '2020-01-04', 'RB'),
('f21', '201912', 7, '0.00', '2020-02-01', 'RB'),
('f21', '202001', 12, '0.00', '2020-03-02', 'RB'),
('f21', '202002', 5, '0.00', '2020-04-07', 'RB'),
('f21', '202003', 3, '0.00', '2020-05-08', 'RB'),
('f21', '202004', 7, '0.00', '2020-06-01', 'RB'),
('f21', '202005', 12, '0.00', '2020-07-05', 'RB'),
('f21', '202006', 9, '0.00', '2020-08-03', 'RB'),
('f21', '202007', 0, '0.00', '2020-09-03', 'RB'),
('f21', '202008', 7, '0.00', '2020-10-04', 'RB'),
('f21', '202009', 1, '0.00', '2020-11-02', 'RB'),
('f21', '202010', 12, '0.00', '2020-12-03', 'RB'),
('f21', '202011', 5, '0.00', '2020-12-03', 'VA'),
('f21', '202012', 1, '0.00', '2021-01-12', 'CL'),
('f21', '202103', 1, '0.00', '2021-03-31', 'CR'),
('f21', '202104', 0, '0.00', '2021-04-02', 'CR'),
('f39', '201609', 3, '0.00', '2016-11-02', 'RB'),
('f39', '201610', 0, '0.00', '2016-12-04', 'RB'),
('f39', '201611', 5, '0.00', '2017-01-08', 'RB'),
('f39', '201612', 1, '0.00', '2017-02-02', 'RB'),
('f39', '201701', 10, '0.00', '2017-03-04', 'RB'),
('f39', '201702', 8, '0.00', '2017-04-04', 'RB'),
('f39', '201703', 2, '0.00', '2017-05-06', 'RB'),
('f39', '201704', 9, '0.00', '2017-06-02', 'RB'),
('f39', '201705', 11, '0.00', '2017-07-05', 'RB'),
('f39', '201706', 0, '0.00', '2017-08-07', 'RB'),
('f39', '201707', 7, '0.00', '2017-09-02', 'RB'),
('f39', '201708', 2, '0.00', '2017-10-08', 'RB'),
('f39', '201709', 12, '0.00', '2017-11-06', 'RB'),
('f39', '201710', 12, '0.00', '2017-12-06', 'RB'),
('f39', '201711', 11, '0.00', '2018-01-07', 'RB'),
('f39', '201712', 3, '0.00', '2018-02-05', 'RB'),
('f39', '201801', 7, '0.00', '2018-03-02', 'RB'),
('f39', '201802', 4, '0.00', '2018-04-08', 'RB'),
('f39', '201803', 11, '0.00', '2018-05-02', 'RB'),
('f39', '201804', 7, '0.00', '2018-06-08', 'RB'),
('f39', '201805', 7, '0.00', '2018-07-07', 'RB'),
('f39', '201806', 1, '0.00', '2018-08-08', 'RB'),
('f39', '201807', 2, '0.00', '2018-09-03', 'RB'),
('f39', '201808', 3, '0.00', '2018-10-05', 'RB'),
('f39', '201809', 7, '0.00', '2018-11-04', 'RB'),
('f39', '201810', 0, '0.00', '2018-12-01', 'RB'),
('f39', '201811', 9, '0.00', '2019-01-05', 'RB'),
('f39', '201812', 8, '0.00', '2019-02-03', 'RB'),
('f39', '201901', 10, '0.00', '2019-03-08', 'RB'),
('f39', '201902', 3, '0.00', '2019-04-02', 'RB'),
('f39', '201903', 3, '0.00', '2019-05-03', 'RB'),
('f39', '201904', 6, '0.00', '2019-06-05', 'RB'),
('f39', '201905', 9, '0.00', '2019-07-08', 'RB'),
('f39', '201906', 5, '0.00', '2019-08-04', 'RB'),
('f39', '201907', 11, '0.00', '2019-09-01', 'RB'),
('f39', '201908', 11, '0.00', '2019-10-08', 'RB'),
('f39', '201909', 2, '0.00', '2019-11-07', 'RB'),
('f39', '201910', 4, '0.00', '2019-12-04', 'RB'),
('f39', '201911', 12, '0.00', '2020-01-07', 'RB'),
('f39', '201912', 7, '0.00', '2020-02-01', 'RB'),
('f39', '202001', 6, '0.00', '2020-03-06', 'RB'),
('f39', '202002', 6, '0.00', '2020-04-08', 'RB'),
('f39', '202003', 11, '0.00', '2020-05-04', 'RB'),
('f39', '202004', 7, '0.00', '2020-06-04', 'RB'),
('f39', '202005', 3, '0.00', '2020-07-08', 'RB'),
('f39', '202006', 8, '0.00', '2020-08-03', 'RB'),
('f39', '202007', 7, '0.00', '2020-09-04', 'RB'),
('f39', '202008', 2, '0.00', '2020-10-04', 'RB'),
('f39', '202009', 5, '0.00', '2020-11-08', 'RB'),
('f39', '202010', 11, '0.00', '2020-12-02', 'RB'),
('f39', '202011', 1, '0.00', '2020-12-08', 'VA'),
('f39', '202012', 4, '0.00', '2021-01-12', 'CL'),
('f39', '202103', 1, '0.00', '2021-03-31', 'CR'),
('f39', '202104', 0, '0.00', '2021-04-02', 'CR'),
('f4', '201609', 0, '0.00', '2016-11-02', 'RB'),
('f4', '201610', 1, '0.00', '2016-12-02', 'RB'),
('f4', '201611', 4, '0.00', '2017-01-06', 'RB'),
('f4', '201612', 8, '0.00', '2017-02-01', 'RB'),
('f4', '201701', 10, '0.00', '2017-03-03', 'RB'),
('f4', '201702', 5, '0.00', '2017-04-02', 'RB'),
('f4', '201703', 7, '0.00', '2017-05-06', 'RB'),
('f4', '201704', 0, '0.00', '2017-06-05', 'RB'),
('f4', '201705', 0, '0.00', '2017-07-07', 'RB'),
('f4', '201706', 11, '0.00', '2017-08-03', 'RB'),
('f4', '201707', 12, '0.00', '2017-09-02', 'RB'),
('f4', '201708', 11, '0.00', '2017-10-08', 'RB'),
('f4', '201709', 2, '0.00', '2017-11-01', 'RB'),
('f4', '201710', 2, '0.00', '2017-12-08', 'RB'),
('f4', '201711', 8, '0.00', '2018-01-06', 'RB'),
('f4', '201712', 7, '0.00', '2018-02-07', 'RB'),
('f4', '201801', 12, '0.00', '2018-03-06', 'RB'),
('f4', '201802', 3, '0.00', '2018-04-01', 'RB'),
('f4', '201803', 2, '0.00', '2018-05-01', 'RB'),
('f4', '201804', 11, '0.00', '2018-06-08', 'RB'),
('f4', '201805', 1, '0.00', '2018-07-05', 'RB'),
('f4', '201806', 4, '0.00', '2018-08-07', 'RB'),
('f4', '201807', 7, '0.00', '2018-09-07', 'RB'),
('f4', '201808', 12, '0.00', '2018-10-05', 'RB'),
('f4', '201809', 3, '0.00', '2018-11-06', 'RB'),
('f4', '201810', 12, '0.00', '2018-12-04', 'RB'),
('f4', '201811', 10, '0.00', '2019-01-01', 'RB'),
('f4', '201812', 7, '0.00', '2019-02-08', 'RB'),
('f4', '201901', 8, '0.00', '2019-03-08', 'RB'),
('f4', '201902', 6, '0.00', '2019-04-07', 'RB'),
('f4', '201903', 4, '0.00', '2019-05-07', 'RB'),
('f4', '201904', 10, '0.00', '2019-06-05', 'RB'),
('f4', '201905', 3, '0.00', '2019-07-05', 'RB'),
('f4', '201906', 2, '0.00', '2019-08-07', 'RB'),
('f4', '201907', 8, '0.00', '2019-09-08', 'RB'),
('f4', '201908', 6, '0.00', '2019-10-08', 'RB'),
('f4', '201909', 5, '0.00', '2019-11-02', 'RB'),
('f4', '201910', 6, '0.00', '2019-12-02', 'RB'),
('f4', '201911', 11, '0.00', '2020-01-02', 'RB'),
('f4', '201912', 5, '0.00', '2020-02-03', 'RB'),
('f4', '202001', 11, '0.00', '2020-03-01', 'RB'),
('f4', '202002', 10, '0.00', '2020-04-05', 'RB'),
('f4', '202003', 9, '0.00', '2020-05-08', 'RB'),
('f4', '202004', 3, '0.00', '2020-06-06', 'RB'),
('f4', '202005', 10, '0.00', '2020-07-08', 'RB'),
('f4', '202006', 3, '0.00', '2020-08-01', 'RB'),
('f4', '202007', 0, '0.00', '2020-09-05', 'RB'),
('f4', '202008', 8, '0.00', '2020-10-02', 'RB'),
('f4', '202009', 7, '0.00', '2020-11-02', 'RB'),
('f4', '202010', 10, '0.00', '2020-12-05', 'RB'),
('f4', '202011', 5, '0.00', '2020-12-05', 'VA'),
('f4', '202012', 12, '0.00', '2021-01-12', 'CL'),
('f4', '202103', 1, '0.00', '2021-03-31', 'CR'),
('f4', '202104', 0, '0.00', '2021-04-02', 'CR'),
('m74', '202101', 0, '0.00', '2021-02-22', 'CL');

-- --------------------------------------------------------

--
-- Structure de la table `fraisforfait`
--

CREATE TABLE `fraisforfait` (
  `id` char(3) NOT NULL,
  `libelle` char(20) DEFAULT NULL,
  `montant` decimal(5,2) DEFAULT NULL
) ENGINE=InnoDB DEFAULT CHARSET=utf8mb4;

--
-- Déchargement des données de la table `fraisforfait`
--

INSERT INTO `fraisforfait` (`id`, `libelle`, `montant`) VALUES
('ETP', 'Forfait Etape', '110.00'),
('KM', 'Frais Kilométrique', '0.62'),
('NUI', 'Nuitée Hôtel', '80.00'),
('REP', 'Repas Restaurant', '25.00');

-- --------------------------------------------------------

--
-- Structure de la table `lignefraisforfait`
--

CREATE TABLE `lignefraisforfait` (
  `idvisiteur` char(4) NOT NULL,
  `mois` char(6) NOT NULL,
  `idfraisforfait` char(3) NOT NULL,
  `quantite` int(11) DEFAULT 0
) ENGINE=InnoDB DEFAULT CHARSET=utf8mb4;

--
-- Déchargement des données de la table `lignefraisforfait`
--

INSERT INTO `lignefraisforfait` (`idvisiteur`, `mois`, `idfraisforfait`, `quantite`) VALUES
('a131', '201609', 'ETP', 8),
('a131', '201609', 'KM', 966),
('a131', '201609', 'NUI', 15),
('a131', '201609', 'REP', 19),
('a131', '201610', 'ETP', 14),
('a131', '201610', 'KM', 569),
('a131', '201610', 'NUI', 18),
('a131', '201610', 'REP', 20),
('a131', '201611', 'ETP', 15),
('a131', '201611', 'KM', 521),
('a131', '201611', 'NUI', 17),
('a131', '201611', 'REP', 7),
('a131', '201612', 'ETP', 13),
('a131', '201612', 'KM', 316),
('a131', '201612', 'NUI', 5),
('a131', '201612', 'REP', 6),
('a131', '201701', 'ETP', 9),
('a131', '201701', 'KM', 596),
('a131', '201701', 'NUI', 15),
('a131', '201701', 'REP', 12),
('a131', '201702', 'ETP', 2),
('a131', '201702', 'KM', 525),
('a131', '201702', 'NUI', 9),
('a131', '201702', 'REP', 8),
('a131', '201703', 'ETP', 19),
('a131', '201703', 'KM', 351),
('a131', '201703', 'NUI', 11),
('a131', '201703', 'REP', 19),
('a131', '201704', 'ETP', 4),
('a131', '201704', 'KM', 908),
('a131', '201704', 'NUI', 3),
('a131', '201704', 'REP', 10),
('a131', '201705', 'ETP', 16),
('a131', '201705', 'KM', 735),
('a131', '201705', 'NUI', 6),
('a131', '201705', 'REP', 12),
('a131', '201706', 'ETP', 6),
('a131', '201706', 'KM', 960),
('a131', '201706', 'NUI', 11),
('a131', '201706', 'REP', 8),
('a131', '201707', 'ETP', 4),
('a131', '201707', 'KM', 529),
('a131', '201707', 'NUI', 18),
('a131', '201707', 'REP', 3),
('a131', '201708', 'ETP', 3),
('a131', '201708', 'KM', 384),
('a131', '201708', 'NUI', 14),
('a131', '201708', 'REP', 12),
('a131', '201709', 'ETP', 2),
('a131', '201709', 'KM', 629),
('a131', '201709', 'NUI', 7),
('a131', '201709', 'REP', 20),
('a131', '201710', 'ETP', 13),
('a131', '201710', 'KM', 594),
('a131', '201710', 'NUI', 8),
('a131', '201710', 'REP', 3),
('a131', '201711', 'ETP', 16),
('a131', '201711', 'KM', 606),
('a131', '201711', 'NUI', 4),
('a131', '201711', 'REP', 2),
('a131', '201712', 'ETP', 16),
('a131', '201712', 'KM', 671),
('a131', '201712', 'NUI', 17),
('a131', '201712', 'REP', 6),
('a131', '201801', 'ETP', 6),
('a131', '201801', 'KM', 324),
('a131', '201801', 'NUI', 4),
('a131', '201801', 'REP', 2),
('a131', '201802', 'ETP', 16),
('a131', '201802', 'KM', 681),
('a131', '201802', 'NUI', 14),
('a131', '201802', 'REP', 20),
('a131', '201803', 'ETP', 6),
('a131', '201803', 'KM', 506),
('a131', '201803', 'NUI', 15),
('a131', '201803', 'REP', 7),
('a131', '201804', 'ETP', 17),
('a131', '201804', 'KM', 718),
('a131', '201804', 'NUI', 2),
('a131', '201804', 'REP', 10),
('a131', '201805', 'ETP', 16),
('a131', '201805', 'KM', 710),
('a131', '201805', 'NUI', 12),
('a131', '201805', 'REP', 13),
('a131', '201806', 'ETP', 16),
('a131', '201806', 'KM', 481),
('a131', '201806', 'NUI', 5),
('a131', '201806', 'REP', 4),
('a131', '201807', 'ETP', 8),
('a131', '201807', 'KM', 564),
('a131', '201807', 'NUI', 9),
('a131', '201807', 'REP', 6),
('a131', '201808', 'ETP', 8),
('a131', '201808', 'KM', 496),
('a131', '201808', 'NUI', 20),
('a131', '201808', 'REP', 7),
('a131', '201809', 'ETP', 13),
('a131', '201809', 'KM', 579),
('a131', '201809', 'NUI', 14),
('a131', '201809', 'REP', 4),
('a131', '201810', 'ETP', 11),
('a131', '201810', 'KM', 620),
('a131', '201810', 'NUI', 11),
('a131', '201810', 'REP', 3),
('a131', '201811', 'ETP', 8),
('a131', '201811', 'KM', 963),
('a131', '201811', 'NUI', 3),
('a131', '201811', 'REP', 15),
('a131', '201812', 'ETP', 15),
('a131', '201812', 'KM', 674),
('a131', '201812', 'NUI', 2),
('a131', '201812', 'REP', 8),
('a131', '201901', 'ETP', 17),
('a131', '201901', 'KM', 311),
('a131', '201901', 'NUI', 20),
('a131', '201901', 'REP', 13),
('a131', '201902', 'ETP', 11),
('a131', '201902', 'KM', 805),
('a131', '201902', 'NUI', 3),
('a131', '201902', 'REP', 2),
('a131', '201903', 'ETP', 16),
('a131', '201903', 'KM', 986),
('a131', '201903', 'NUI', 4),
('a131', '201903', 'REP', 20),
('a131', '201904', 'ETP', 14),
('a131', '201904', 'KM', 929),
('a131', '201904', 'NUI', 15),
('a131', '201904', 'REP', 20),
('a131', '201905', 'ETP', 12),
('a131', '201905', 'KM', 352),
('a131', '201905', 'NUI', 12),
('a131', '201905', 'REP', 20),
('a131', '201906', 'ETP', 14),
('a131', '201906', 'KM', 563),
('a131', '201906', 'NUI', 6),
('a131', '201906', 'REP', 10),
('a131', '201907', 'ETP', 2),
('a131', '201907', 'KM', 447),
('a131', '201907', 'NUI', 3),
('a131', '201907', 'REP', 2),
('a131', '201908', 'ETP', 3),
('a131', '201908', 'KM', 479),
('a131', '201908', 'NUI', 20),
('a131', '201908', 'REP', 4),
('a131', '201909', 'ETP', 15),
('a131', '201909', 'KM', 634),
('a131', '201909', 'NUI', 9),
('a131', '201909', 'REP', 18),
('a131', '201910', 'ETP', 6),
('a131', '201910', 'KM', 504),
('a131', '201910', 'NUI', 17),
('a131', '201910', 'REP', 12),
('a131', '201911', 'ETP', 6),
('a131', '201911', 'KM', 938),
('a131', '201911', 'NUI', 3),
('a131', '201911', 'REP', 7),
('a131', '201912', 'ETP', 20),
('a131', '201912', 'KM', 375),
('a131', '201912', 'NUI', 17),
('a131', '201912', 'REP', 11),
('a131', '202001', 'ETP', 13),
('a131', '202001', 'KM', 722),
('a131', '202001', 'NUI', 8),
('a131', '202001', 'REP', 9),
('a131', '202002', 'ETP', 12),
('a131', '202002', 'KM', 685),
('a131', '202002', 'NUI', 11),
('a131', '202002', 'REP', 17),
('a131', '202003', 'ETP', 19),
('a131', '202003', 'KM', 575),
('a131', '202003', 'NUI', 12),
('a131', '202003', 'REP', 8),
('a131', '202004', 'ETP', 5),
('a131', '202004', 'KM', 568),
('a131', '202004', 'NUI', 19),
('a131', '202004', 'REP', 6),
('a131', '202005', 'ETP', 3),
('a131', '202005', 'KM', 444),
('a131', '202005', 'NUI', 12),
('a131', '202005', 'REP', 2),
('a131', '202006', 'ETP', 9),
('a131', '202006', 'KM', 498),
('a131', '202006', 'NUI', 11),
('a131', '202006', 'REP', 9),
('a131', '202007', 'ETP', 16),
('a131', '202007', 'KM', 974),
('a131', '202007', 'NUI', 10),
('a131', '202007', 'REP', 20),
('a131', '202008', 'ETP', 3),
('a131', '202008', 'KM', 319),
('a131', '202008', 'NUI', 5),
('a131', '202008', 'REP', 3),
('a131', '202009', 'ETP', 8),
('a131', '202009', 'KM', 877),
('a131', '202009', 'NUI', 3),
('a131', '202009', 'REP', 6),
('a131', '202010', 'ETP', 8),
('a131', '202010', 'KM', 888),
('a131', '202010', 'NUI', 3),
('a131', '202010', 'REP', 11),
('a131', '202011', 'ETP', 14),
('a131', '202011', 'KM', 854),
('a131', '202011', 'NUI', 3),
('a131', '202011', 'REP', 3),
('a131', '202012', 'ETP', 8),
('a131', '202012', 'KM', 0),
('a131', '202012', 'NUI', 15),
('a131', '202012', 'REP', 12),
('a131', '202101', 'ETP', 0),
('a131', '202101', 'KM', 0),
('a131', '202101', 'NUI', 0),
('a131', '202101', 'REP', 0),
('a131', '202102', 'ETP', 1),
('a131', '202102', 'Km', 100),
('a131', '202102', 'Nui', 9),
('a131', '202102', 'REP', 7),
('a131', '202103', 'ETP', 3),
('a131', '202103', 'KM', 300),
('a131', '202103', 'NUI', 4),
('a131', '202103', 'REP', 8),
('a131', '202104', 'ETP', 1),
('a131', '202104', 'KM', 100),
('a131', '202104', 'NUI', 2),
('a131', '202104', 'REP', 1),
('a17', '202012', 'ETP', 2),
('a17', '202012', 'KM', 0),
('a17', '202012', 'NUI', 0),
('a17', '202012', 'REP', 0),
('a17', '202101', 'ETP', 10),
('a17', '202101', 'KM', 10),
('a17', '202101', 'NUI', 10),
('a17', '202101', 'REP', 10),
('a17', '202102', 'ETP', 2),
('a17', '202102', 'KM', 4),
('a17', '202102', 'NUI', 8),
('a17', '202102', 'REP', 0),
('a17', '202103', 'ETP', 3),
('a17', '202103', 'KM', 80),
('a17', '202103', 'NUI', 4),
('a17', '202103', 'REP', 8),
('a17', '202104', 'ETP', 2),
('a17', '202104', 'KM', 87),
('a17', '202104', 'NUI', 2),
('a17', '202104', 'REP', 4),
('a55', '202012', 'ETP', 1),
('a55', '202012', 'KM', 1),
('a55', '202012', 'NUI', 1),
('a55', '202012', 'REP', 0),
('a55', '202103', 'ETP', 2),
('a55', '202103', 'KM', 200),
('a55', '202103', 'NUI', 4),
('a55', '202103', 'REP', 8),
('a55', '202104', 'ETP', 1),
('a55', '202104', 'KM', 50),
('a55', '202104', 'NUI', 1),
('a55', '202104', 'REP', 1),
('a93', '202012', 'ETP', 0),
('a93', '202012', 'KM', 0),
('a93', '202012', 'NUI', 0),
('a93', '202012', 'REP', 0),
('a93', '202103', 'ETP', 3),
('a93', '202103', 'KM', 300),
('a93', '202103', 'NUI', 4),
('a93', '202103', 'REP', 8),
('a93', '202104', 'ETP', 1),
('a93', '202104', 'KM', 100),
('a93', '202104', 'NUI', 2),
('a93', '202104', 'REP', 1),
('b13', '202012', 'ETP', 0),
('b13', '202012', 'KM', 0),
('b13', '202012', 'NUI', 0),
('b13', '202012', 'REP', 0),
('b13', '202103', 'ETP', 1),
('b13', '202103', 'KM', 100),
('b13', '202103', 'NUI', 2),
('b13', '202103', 'REP', 1),
('b13', '202104', 'ETP', 1),
('b13', '202104', 'KM', 100),
('b13', '202104', 'NUI', 2),
('b13', '202104', 'REP', 1),
('b16', '202103', 'ETP', 1),
('b16', '202103', 'KM', 100),
('b16', '202103', 'NUI', 2),
('b16', '202103', 'REP', 1),
('b16', '202104', 'ETP', 1),
('b16', '202104', 'KM', 100),
('b16', '202104', 'NUI', 2),
('b16', '202104', 'REP', 1),
('b19', '202012', 'ETP', 0),
('b19', '202012', 'KM', 0),
('b19', '202012', 'NUI', 0),
('b19', '202012', 'REP', 0),
('b19', '202103', 'ETP', 1),
('b19', '202103', 'KM', 100),
('b19', '202103', 'NUI', 2),
('b19', '202103', 'REP', 1),
('b19', '202104', 'ETP', 1),
('b19', '202104', 'KM', 100),
('b19', '202104', 'NUI', 2),
('b19', '202104', 'REP', 1),
('b25', '202012', 'ETP', 0),
('b25', '202012', 'KM', 0),
('b25', '202012', 'NUI', 0),
('b25', '202012', 'REP', 0),
('b25', '202103', 'ETP', 1),
('b25', '202103', 'KM', 100),
('b25', '202103', 'NUI', 2),
('b25', '202103', 'REP', 1),
('b25', '202104', 'ETP', 1),
('b25', '202104', 'KM', 100),
('b25', '202104', 'NUI', 2),
('b25', '202104', 'REP', 1),
('b28', '202012', 'ETP', 0),
('b28', '202012', 'KM', 0),
('b28', '202012', 'NUI', 0),
('b28', '202012', 'REP', 0),
('b28', '202103', 'ETP', 3),
('b28', '202103', 'KM', 300),
('b28', '202103', 'NUI', 4),
('b28', '202103', 'REP', 8),
('b28', '202104', 'ETP', 1),
('b28', '202104', 'KM', 100),
('b28', '202104', 'NUI', 2),
('b28', '202104', 'REP', 1),
('b34', '202012', 'ETP', 0),
('b34', '202012', 'KM', 0),
('b34', '202012', 'NUI', 0),
('b34', '202012', 'REP', 0),
('b34', '202103', 'ETP', 3),
('b34', '202103', 'KM', 300),
('b34', '202103', 'NUI', 4),
('b34', '202103', 'REP', 8),
('b34', '202104', 'ETP', 1),
('b34', '202104', 'KM', 100),
('b34', '202104', 'NUI', 2),
('b34', '202104', 'REP', 1),
('b4', '202012', 'ETP', 0),
('b4', '202012', 'KM', 0),
('b4', '202012', 'NUI', 0),
('b4', '202012', 'REP', 0),
('b4', '202103', 'ETP', 3),
('b4', '202103', 'KM', 300),
('b4', '202103', 'NUI', 4),
('b4', '202103', 'REP', 8),
('b4', '202104', 'ETP', 1),
('b4', '202104', 'KM', 100),
('b4', '202104', 'NUI', 2),
('b4', '202104', 'REP', 1),
('b50', '202012', 'ETP', 0),
('b50', '202012', 'KM', 0),
('b50', '202012', 'NUI', 0),
('b50', '202012', 'REP', 0),
('b50', '202103', 'ETP', 3),
('b50', '202103', 'KM', 300),
('b50', '202103', 'NUI', 4),
('b50', '202103', 'REP', 8),
('b50', '202104', 'ETP', 1),
('b50', '202104', 'KM', 100),
('b50', '202104', 'NUI', 2),
('b50', '202104', 'REP', 1),
('b59', '202012', 'ETP', 0),
('b59', '202012', 'KM', 0),
('b59', '202012', 'NUI', 0),
('b59', '202012', 'REP', 0),
('b59', '202103', 'ETP', 3),
('b59', '202103', 'KM', 300),
('b59', '202103', 'NUI', 4),
('b59', '202103', 'REP', 8),
('b59', '202104', 'ETP', 1),
('b59', '202104', 'KM', 100),
('b59', '202104', 'NUI', 2),
('b59', '202104', 'REP', 1),
('c14', '202012', 'ETP', 0),
('c14', '202012', 'KM', 0),
('c14', '202012', 'NUI', 0),
('c14', '202012', 'REP', 0),
('c14', '202103', 'ETP', 3),
('c14', '202103', 'KM', 300),
('c14', '202103', 'NUI', 4),
('c14', '202103', 'REP', 8),
('c14', '202104', 'ETP', 1),
('c14', '202104', 'KM', 100),
('c14', '202104', 'NUI', 2),
('c14', '202104', 'REP', 1),
('c3', '202012', 'ETP', 0),
('c3', '202012', 'KM', 0),
('c3', '202012', 'NUI', 0),
('c3', '202012', 'REP', 0),
('c3', '202103', 'ETP', 3),
('c3', '202103', 'KM', 300),
('c3', '202103', 'NUI', 4),
('c3', '202103', 'REP', 8),
('c3', '202104', 'ETP', 1),
('c3', '202104', 'KM', 100),
('c3', '202104', 'NUI', 2),
('c3', '202104', 'REP', 1),
('c54', '202012', 'ETP', 0),
('c54', '202012', 'KM', 0),
('c54', '202012', 'NUI', 0),
('c54', '202012', 'REP', 0),
('c54', '202103', 'ETP', 3),
('c54', '202103', 'KM', 300),
('c54', '202103', 'NUI', 4),
('c54', '202103', 'REP', 8),
('c54', '202104', 'ETP', 1),
('c54', '202104', 'KM', 100),
('c54', '202104', 'NUI', 2),
('c54', '202104', 'REP', 1),
('d13', '202012', 'ETP', 0),
('d13', '202012', 'KM', 0),
('d13', '202012', 'NUI', 0),
('d13', '202012', 'REP', 0),
('d13', '202103', 'ETP', 3),
('d13', '202103', 'KM', 300),
('d13', '202103', 'NUI', 4),
('d13', '202103', 'REP', 8),
('d13', '202104', 'ETP', 1),
('d13', '202104', 'KM', 100),
('d13', '202104', 'NUI', 2),
('d13', '202104', 'REP', 1),
('d51', '202012', 'ETP', 0),
('d51', '202012', 'KM', 0),
('d51', '202012', 'NUI', 0),
('d51', '202012', 'REP', 0),
('d51', '202103', 'ETP', 3),
('d51', '202103', 'KM', 300),
('d51', '202103', 'NUI', 4),
('d51', '202103', 'REP', 8),
('d51', '202104', 'ETP', 1),
('d51', '202104', 'KM', 100),
('d51', '202104', 'NUI', 2),
('d51', '202104', 'REP', 1),
('e22', '202012', 'ETP', 0),
('e22', '202012', 'KM', 0),
('e22', '202012', 'NUI', 0),
('e22', '202012', 'REP', 0),
('e22', '202103', 'ETP', 3),
('e22', '202103', 'KM', 300),
('e22', '202103', 'NUI', 4),
('e22', '202103', 'REP', 8),
('e22', '202104', 'ETP', 1),
('e22', '202104', 'KM', 100),
('e22', '202104', 'NUI', 2),
('e22', '202104', 'REP', 1),
('e24', '202012', 'ETP', 0),
('e24', '202012', 'KM', 0),
('e24', '202012', 'NUI', 0),
('e24', '202012', 'REP', 0),
('e24', '202103', 'ETP', 3),
('e24', '202103', 'KM', 300),
('e24', '202103', 'NUI', 4),
('e24', '202103', 'REP', 8),
('e24', '202104', 'ETP', 1),
('e24', '202104', 'KM', 100),
('e24', '202104', 'NUI', 2),
('e24', '202104', 'REP', 1),
('e39', '202012', 'ETP', 0),
('e39', '202012', 'KM', 0),
('e39', '202012', 'NUI', 0),
('e39', '202012', 'REP', 0),
('e39', '202103', 'ETP', 3),
('e39', '202103', 'KM', 300),
('e39', '202103', 'NUI', 4),
('e39', '202103', 'REP', 8),
('e39', '202104', 'ETP', 1),
('e39', '202104', 'KM', 100),
('e39', '202104', 'NUI', 2),
('e39', '202104', 'REP', 1),
('e49', '202012', 'ETP', 0),
('e49', '202012', 'KM', 0),
('e49', '202012', 'NUI', 0),
('e49', '202012', 'REP', 0),
('e49', '202103', 'ETP', 3),
('e49', '202103', 'KM', 300),
('e49', '202103', 'NUI', 4),
('e49', '202103', 'REP', 8),
('e49', '202104', 'ETP', 1),
('e49', '202104', 'KM', 100),
('e49', '202104', 'NUI', 2),
('e49', '202104', 'REP', 1),
('e5', '202012', 'ETP', 0),
('e5', '202012', 'KM', 0),
('e5', '202012', 'NUI', 0),
('e5', '202012', 'REP', 0),
('e5', '202103', 'ETP', 3),
('e5', '202103', 'KM', 300),
('e5', '202103', 'NUI', 4),
('e5', '202103', 'REP', 8),
('e5', '202104', 'ETP', 1),
('e5', '202104', 'KM', 100),
('e5', '202104', 'NUI', 2),
('e5', '202104', 'REP', 1),
('e52', '202012', 'ETP', 0),
('e52', '202012', 'KM', 0),
('e52', '202012', 'NUI', 0),
('e52', '202012', 'REP', 0),
('f21', '202012', 'ETP', 0),
('f21', '202012', 'KM', 0),
('f21', '202012', 'NUI', 0),
('f21', '202012', 'REP', 0),
('f21', '202103', 'ETP', 3),
('f21', '202103', 'KM', 300),
('f21', '202103', 'NUI', 4),
('f21', '202103', 'REP', 8),
('f21', '202104', 'ETP', 1),
('f21', '202104', 'KM', 100),
('f21', '202104', 'NUI', 2),
('f21', '202104', 'REP', 1),
('f39', '202012', 'ETP', 0),
('f39', '202012', 'KM', 0),
('f39', '202012', 'NUI', 0),
('f39', '202012', 'REP', 0),
('f39', '202103', 'ETP', 3),
('f39', '202103', 'KM', 300),
('f39', '202103', 'NUI', 4),
('f39', '202103', 'REP', 8),
('f39', '202104', 'ETP', 1),
('f39', '202104', 'KM', 100),
('f39', '202104', 'NUI', 2),
('f39', '202104', 'REP', 1),
('f4', '202012', 'ETP', 0),
('f4', '202012', 'KM', 0),
('f4', '202012', 'NUI', 0),
('f4', '202012', 'REP', 0),
('f4', '202103', 'ETP', 3),
('f4', '202103', 'KM', 300),
('f4', '202103', 'NUI', 4),
('f4', '202103', 'REP', 8),
('f4', '202104', 'ETP', 1),
('f4', '202104', 'KM', 100),
('f4', '202104', 'NUI', 2),
('f4', '202104', 'REP', 1);

-- --------------------------------------------------------

--
-- Structure de la table `lignefraishorsforfait`
--

CREATE TABLE `lignefraishorsforfait` (
  `id` int(11) NOT NULL,
  `idvisiteur` char(4) NOT NULL,
  `mois` char(6) NOT NULL,
  `libelle` varchar(100) DEFAULT NULL,
  `date` date DEFAULT NULL,
  `montant` decimal(10,2) DEFAULT NULL,
  `idetatligne` char(2) NOT NULL
) ENGINE=InnoDB DEFAULT CHARSET=utf8mb4;

--
-- Déchargement des données de la table `lignefraishorsforfait`
--

INSERT INTO `lignefraishorsforfait` (`id`, `idvisiteur`, `mois`, `libelle`, `date`, `montant`, `idetatligne`) VALUES
(1, 'a17', '202012', 'test', '2020-12-08', '609.00', 'VA'),
(2, 'a17', '202012', 'test 2', '2020-12-29', '67.00', 'VA'),
(3, 'a17', '202101', 'Restaurant', '2020-12-08', '65.00', 'VA'),
(4, 'a17', '202104', 'Chocolats', '2020-10-25', '86.00', 'VA'),
(6, 'a17', '202012', 'essai', '2025-12-20', '300.00', 'VA'),
(7, 'a17', '202101', 'REFUSE : Hôtel particulier', '2020-12-28', '100.00', 'RF'),
(10, 'a17', '202101', 'Essaidanswordpourunelonguephrase.Essaidanswordpourunelonguephrase.Essaidanswordpourunelongu', '2020-12-28', '100.00', 'VA'),
(11, 'a17', '202102', 'Fleuriste', '2021-02-03', '38.00', 'CR'),
(12, 'a131', '202102', 'LaserGame', '2021-02-15', '36.00', 'CR'),
(13, 'a17', '202103', 'fleuriste', '2021-03-25', '38.00', 'CR'),
(14, 'a55', '202104', 'essence', '2021-03-25', '79.00', 'CR'),
(15, 'a93', '202103', 'essence', '2021-03-10', '38.00', 'CR'),
(16, 'a93', '202103', 'essence', '2021-03-10', '38.90', 'CR'),
(17, 'a131', '202103', 'essence', '2021-03-10', '38.90', 'CR'),
(18, 'a131', '202103', 'essence', '2021-03-21', '88.50', 'CR'),
(19, 'f4', '202103', 'essence', '2021-03-21', '88.50', 'CR'),
(20, 'f39', '202103', 'essence', '2021-03-28', '82.60', 'CR'),
(21, 'f21', '202103', 'teinturier', '2021-03-28', '52.60', 'CR'),
(22, 'e5', '202103', 'teinturier', '2021-03-28', '67.60', 'CR'),
(23, 'e49', '202103', 'tickets metro', '2021-03-18', '7.60', 'CR'),
(24, 'e39', '202103', 'tickets metro', '2021-03-28', '17.60', 'CR'),
(25, 'e24', '202103', 'garagiste', '2021-03-28', '117.60', 'CR'),
(26, 'e22', '202103', 'garagiste', '2021-03-17', '107.40', 'CR'),
(27, 'e22', '202103', 'frais essence', '2021-03-17', '77.40', 'CR'),
(28, 'd51', '202103', 'frais essence', '2021-03-17', '77.40', 'CR'),
(29, 'd51', '202103', 'frais essence', '2021-03-17', '77.40', 'CR'),
(30, 'd51', '202103', 'frais essence', '2021-03-17', '77.40', 'CR'),
(31, 'd13', '202103', 'autoroute', '2021-03-10', '8.00', 'CR'),
(32, 'c54', '202103', 'autoroute', '2021-03-10', '18.00', 'CR'),
(33, 'c14', '202103', 'teinturier', '2021-03-10', '48.00', 'CR'),
(34, 'b59', '202103', 'café', '2021-03-10', '18.60', 'CR'),
(35, 'b50', '202103', 'café', '2021-03-10', '18.60', 'CR'),
(36, 'b4', '202103', 'pharmacie', '2021-03-10', '12.40', 'CR'),
(37, 'b34', '202103', 'frais essence', '2021-03-19', '112.40', 'CR'),
(38, 'b28', '202103', 'frais autoroute', '2021-03-29', '11.40', 'CR'),
(39, 'b19', '202103', 'frais divers', '2021-03-09', '34.80', 'CR'),
(40, 'b25', '202103', 'frais essence', '2021-03-09', '74.80', 'CR'),
(41, 'b16', '202103', 'frais essence', '2021-03-15', '74.80', 'CR'),
(42, 'b13', '202103', 'frais autoroute', '2021-03-15', '4.80', 'CR'),
(43, 'a55', '202103', 'frais divers', '2021-03-15', '34.80', 'CR'),
(44, 'a93', '202104', 'essence', '2021-04-01', '79.00', 'CR'),
(46, 'b13', '202104', 'essence', '2021-04-01', '85.00', 'CR');

-- --------------------------------------------------------

--
-- Structure de la table `typevisiteur`
--

CREATE TABLE `typevisiteur` (
  `id` char(3) NOT NULL,
  `libelle` char(20) NOT NULL
) ENGINE=InnoDB DEFAULT CHARSET=utf8mb4;

--
-- Déchargement des données de la table `typevisiteur`
--

INSERT INTO `typevisiteur` (`id`, `libelle`) VALUES
('COM', 'Comptable'),
('MED', 'Visiteur médical');

-- --------------------------------------------------------

--
-- Structure de la table `visiteur`
--

CREATE TABLE `visiteur` (
  `id` char(4) NOT NULL,
  `nom` char(30) DEFAULT NULL,
  `prenom` char(30) DEFAULT NULL,
  `login` char(20) DEFAULT NULL,
  `mdp` char(20) DEFAULT NULL,
  `adresse` char(30) DEFAULT NULL,
  `cp` char(5) DEFAULT NULL,
  `ville` char(30) DEFAULT NULL,
  `dateembauche` date DEFAULT NULL,
  `idTypeVisiteur` char(3) NOT NULL
) ENGINE=InnoDB DEFAULT CHARSET=utf8mb4;

--
-- Déchargement des données de la table `visiteur`
--

INSERT INTO `visiteur` (`id`, `nom`, `prenom`, `login`, `mdp`, `adresse`, `cp`, `ville`, `dateembauche`, `idTypeVisiteur`) VALUES
('a131', 'Villechalane', 'Louis', 'lvillachane', 'jux7g', '8 rue des Charmes', '46000', 'Cahors', '2005-12-21', 'MED'),
('a17', 'Andre', 'David', 'dandre', 'oppg5', '1 rue Petit', '46200', 'Lalbenque', '1998-11-23', 'MED'),
('a55', 'Bedos', 'Christian', 'cbedos', 'gmhxd', '1 rue Peranud', '46250', 'Montcuq', '1995-01-12', 'MED'),
('a69', 'Laval', 'Audrey', 'admin', 'admin', 'test', '69000', 'Lyon', '2021-03-01', 'COM'),
('a93', 'Tusseau', 'Louis', 'ltusseau', 'ktp3s', '22 rue des Ternes', '46123', 'Gramat', '2000-05-01', 'MED'),
('b13', 'Bentot', 'Pascal', 'pbentot', 'doyw1', '11 allée des Cerises', '46512', 'Bessines', '1992-07-09', 'MED'),
('b16', 'Bioret', 'Luc', 'lbioret', 'hrjfs', '1 Avenue gambeta', '46000', 'Cahors', '1998-05-11', 'MED'),
('b19', 'Bunisset', 'Francis', 'fbunisset', '4vbnd', '10 rue des Perles', '93100', 'Montreuil', '1987-10-21', 'MED'),
('b25', 'Bunisset', 'Denise', 'dbunisset', 's1y1r', '23 rue Manin', '75019', 'paris', '2010-12-05', 'MED'),
('b28', 'Cacheux', 'Bernard', 'bcacheux', 'uf7r3', '114 rue Blanche', '75017', 'Paris', '2009-11-12', 'MED'),
('b34', 'Cadic', 'Eric', 'ecadic', '6u8dc', '123 avenue de la République', '75011', 'Paris', '2008-09-23', 'MED'),
('b4', 'Charoze', 'Catherine', 'ccharoze', 'u817o', '100 rue Petit', '75019', 'Paris', '2005-11-12', 'MED'),
('b50', 'Clepkens', 'Christophe', 'cclepkens', 'bw1us', '12 allée des Anges', '93230', 'Romainville', '2003-08-11', 'MED'),
('b59', 'Cottin', 'Vincenne', 'vcottin', '2hoh9', '36 rue des Roches', '93100', 'Monteuil', '2001-11-18', 'MED'),
('c14', 'Daburon', 'François', 'fdaburon', '7oqpv', '13 rue de Chanzy', '94000', 'Créteil', '2002-02-11', 'MED'),
('c3', 'De', 'Philippe', 'pde', 'gk9kx', '13 rue Barthes', '94000', 'Créteil', '2010-12-14', 'MED'),
('c54', 'Debelle', 'Michel', 'mdebelle', 'od5rt', '181 avenue Barbusse', '93210', 'Rosny', '2006-11-23', 'MED'),
('d13', 'Debelle', 'Jeanne', 'jdebelle', 'nvwqq', '134 allée des Joncs', '44000', 'Nantes', '2000-05-11', 'MED'),
('d51', 'Debroise', 'Michel', 'mdebroise', 'sghkb', '2 Bld Jourdain', '44000', 'Nantes', '2001-04-17', 'MED'),
('e22', 'Desmarquest', 'Nathalie', 'ndesmarquest', 'f1fob', '14 Place d\'Arc', '45000', 'Orléans', '2005-11-12', 'MED'),
('e24', 'Desnost', 'Pierre', 'pdesnost', '4k2o5', '16 avenue des Cèdres', '23200', 'Guéret', '2001-02-05', 'MED'),
('e39', 'Dudouit', 'Frédéric', 'fdudouit', '44im8', '18 rue de l\'Eglise', '23120', 'GrandBourg', '2000-08-01', 'MED'),
('e49', 'Duncombe', 'Claude', 'cduncombe', 'qf77j', '19 rue de la tour', '23100', 'La souteraine', '1987-10-10', 'MED'),
('e5', 'Enault-Pascreau', 'Céline', 'cenault', 'y2qdu', '25 place de la gare', '23200', 'Gueret', '1995-09-01', 'MED'),
('e52', 'Eynde', 'Valérie', 'veynde', 'i7sn3', '3 Grand Place', '13015', 'Marseille', '1999-11-01', 'MED'),
('f21', 'Finck', 'Jacques', 'jfinck', 'mpb3t', '10 avenue du Prado', '13002', 'Marseille', '2001-11-10', 'MED'),
('f39', 'Frémont', 'Fernande', 'ffremont', 'xs5tq', '4 route de la mer', '13012', 'Allauh', '1998-10-01', 'MED'),
('f4', 'Gest', 'Alain', 'agest', 'dywvt', '30 avenue de la mer', '13025', 'Berre', '1985-11-01', 'MED'),
('m74', 'Laval', 'Michel', 'mlaval', '9hhey', '8 rue des Ormes', '74970', 'Marignier', '2000-10-31', 'COM');

--
-- Index pour les tables déchargées
--

--
-- Index pour la table `etat`
--
ALTER TABLE `etat`
  ADD PRIMARY KEY (`id`);

--
-- Index pour la table `etatligne`
--
ALTER TABLE `etatligne`
  ADD PRIMARY KEY (`id`);

--
-- Index pour la table `fichefrais`
--
ALTER TABLE `fichefrais`
  ADD PRIMARY KEY (`idvisiteur`,`mois`),
  ADD KEY `idetat` (`idetat`);

--
-- Index pour la table `fraisforfait`
--
ALTER TABLE `fraisforfait`
  ADD PRIMARY KEY (`id`);

--
-- Index pour la table `lignefraisforfait`
--
ALTER TABLE `lignefraisforfait`
  ADD PRIMARY KEY (`idvisiteur`,`mois`,`idfraisforfait`),
  ADD KEY `idfraisforfait` (`idfraisforfait`);

--
-- Index pour la table `lignefraishorsforfait`
--
ALTER TABLE `lignefraishorsforfait`
  ADD PRIMARY KEY (`id`),
  ADD KEY `idvisiteur` (`idvisiteur`,`mois`),
  ADD KEY `lignefraishorsforfait_ibfk_2` (`idetatligne`);

--
-- Index pour la table `typevisiteur`
--
ALTER TABLE `typevisiteur`
  ADD PRIMARY KEY (`id`);

--
-- Index pour la table `visiteur`
--
ALTER TABLE `visiteur`
  ADD PRIMARY KEY (`id`),
  ADD KEY `typeVisiteur_ibfk_1` (`idTypeVisiteur`);

--
-- AUTO_INCREMENT pour les tables déchargées
--

--
-- AUTO_INCREMENT pour la table `lignefraishorsforfait`
--
ALTER TABLE `lignefraishorsforfait`
  MODIFY `id` int(11) NOT NULL AUTO_INCREMENT, AUTO_INCREMENT=47;

--
-- Contraintes pour les tables déchargées
--

--
-- Contraintes pour la table `fichefrais`
--
ALTER TABLE `fichefrais`
  ADD CONSTRAINT `fichefrais_ibfk_1` FOREIGN KEY (`idetat`) REFERENCES `etat` (`id`),
  ADD CONSTRAINT `fichefrais_ibfk_2` FOREIGN KEY (`idvisiteur`) REFERENCES `visiteur` (`id`);

--
-- Contraintes pour la table `lignefraisforfait`
--
ALTER TABLE `lignefraisforfait`
  ADD CONSTRAINT `lignefraisforfait_ibfk_1` FOREIGN KEY (`idvisiteur`,`mois`) REFERENCES `fichefrais` (`idvisiteur`, `mois`),
  ADD CONSTRAINT `lignefraisforfait_ibfk_2` FOREIGN KEY (`idfraisforfait`) REFERENCES `fraisforfait` (`id`);

--
-- Contraintes pour la table `lignefraishorsforfait`
--
ALTER TABLE `lignefraishorsforfait`
  ADD CONSTRAINT `lignefraishorsforfait_ibfk_1` FOREIGN KEY (`idvisiteur`,`mois`) REFERENCES `fichefrais` (`idvisiteur`, `mois`),
  ADD CONSTRAINT `lignefraishorsforfait_ibfk_2` FOREIGN KEY (`idetatligne`) REFERENCES `etatligne` (`id`);

--
-- Contraintes pour la table `visiteur`
--
ALTER TABLE `visiteur`
  ADD CONSTRAINT `typeVisiteur_ibfk_1` FOREIGN KEY (`idTypeVisiteur`) REFERENCES `typevisiteur` (`id`);
COMMIT;

/*!40101 SET CHARACTER_SET_CLIENT=@OLD_CHARACTER_SET_CLIENT */;
/*!40101 SET CHARACTER_SET_RESULTS=@OLD_CHARACTER_SET_RESULTS */;
/*!40101 SET COLLATION_CONNECTION=@OLD_COLLATION_CONNECTION */;
